<?xml version="1.0" standalone="yes"?>
<root>
	<Iris>
		<IRIS_SET_TYPE>1</IRIS_SET_TYPE>
		<MaxStep>23</MaxStep>
		<Direction>1</Direction>
		<FN_ZOOM_COUNT>1</FN_ZOOM_COUNT>
		<FN_IRIS_COUNT>23</FN_IRIS_COUNT>
		<EQUIV_APERTURE> 50000, 1430, 1600, 1790, 2000, 2240, 2510, 2790, 3150, 3500, 3950, 4340, 4820, 5460, 6350, 6960, 7730, 8780, 10300, 12880, 16400, 21150, 27200</EQUIV_APERTURE>
		<EQUIV_IRIS_STEP>   92,    0,   13,   22,   29,   35,   40,   44,   48,   51,   54,   56,   58,   60,   62,   63,   64,   65,   66,    67,    68,    69,    70</EQUIV_IRIS_STEP>
	</Iris>
</root>
