<?xml version="1.0" standalone="yes"?>
<root>
	<image>
		<tuning_data> <!-- CC8160,Wes, 20160805   -->
			<AWB>
				<DEFAULT_RGain>201</DEFAULT_RGain>
				<DEFAULT_GGain>128</DEFAULT_GGain>
				<DEFAULT_BGain>220</DEFAULT_BGain>
				<BBR_OFFSET>32 ,32 ,32 ,31 ,31 ,31 ,30 ,30 ,29 ,29 ,29 ,28 ,28 ,28 ,27 ,27 ,26 ,26 ,26 ,25 ,25 ,25 ,24 ,24 ,24 ,23 ,23 ,22 ,22 ,22 ,21 ,21 ,21 ,20 ,20 ,20 ,19 ,19 ,18 ,18 ,18 ,17 ,17 ,17 ,16 ,16 ,15 ,15 ,15 ,14 ,14 ,14 ,13 ,13 ,13 ,12 ,12 ,11 ,11 ,11 ,10 ,10 ,10 ,9 ,9 ,8 ,8 ,8 ,7 ,7 ,7 ,6 ,6 ,6 ,5 ,5 ,4 ,4 ,4 ,3 ,3 ,3 ,2 ,2 ,1 ,1 ,1 ,0 ,0 ,0 ,-1 ,-1 ,-1 ,-2 ,-2 ,-3 ,-3 ,-3 ,-4 ,-4 ,-4 ,-5 ,-5 ,-6 ,-6 ,-6 ,-7 ,-7 ,-7 ,-8 ,-8 ,-8 ,-9 ,-9 ,-10 ,-10 ,-10 ,-11 ,-12 ,-13 ,-14 ,-14 ,-15 ,-15 ,-15 ,-16 ,-16 ,-16 ,-17 ,-17 ,-17 ,-18 ,-18 ,-19 ,-19 ,-19 ,-20 ,-20 ,-20 ,-21 ,-21 ,-22 ,-22 ,-22 ,-23 ,-23 ,-23 ,-24 ,-24 ,-24 ,-25 ,-25 ,-26 ,-26 ,-26 ,-27 ,-27 ,-27 ,-28 ,-28 ,-28 ,-29 ,-29 ,-30 ,-30 ,-30 ,-31 ,-31 ,-31 ,-32 ,-32 ,-33 ,-33 ,-33 ,-34 ,-34 ,-34 ,-35 ,-35 ,-35 ,-36 ,-36 ,-37 ,-37 ,-37 ,-38 ,-38 ,-38 ,-39 ,-39 ,-40 ,-40 ,-40 ,-41 ,-41 ,-41 ,-42 ,-42 ,-42 ,-43 ,-43 ,-44 ,-44 ,-44 ,-45 ,-45 ,-45 ,-46 ,-46 ,-47 ,-47 ,-47 ,-48 ,-48 ,-48 ,-49 ,-49 ,-49 ,-50 ,-50 ,-51 ,-51 ,-51 ,-52 ,-52 ,-52 ,-53 ,-53 ,-54 ,-54 ,-54 ,-55 ,-55 ,-55 ,-56 ,-56 ,-56 ,-57 ,-57 ,-58</BBR_OFFSET>
				<MWB_RgainMax>1583</MWB_RgainMax>
				<MWB_RgainMin>256</MWB_RgainMin>
				<MWB_GgainMax>2047</MWB_GgainMax>
				<MWB_GgainMin>256</MWB_GgainMin>
				<MWB_BgainMax>2047</MWB_BgainMax>
				<MWB_BgainMin>256</MWB_BgainMin>
				<CT_CrValue>68, 23, 13, 0, -14, -19, -27</CT_CrValue>		<!--2000K, 3500K, 4500K, 5500K, 6500K, 8000K, 10000K-->        
				<SnowFlag>0</SnowFlag>                                      <!--1: balance high CT and ucKeepBlueSky will use default-->   
    		<KeepBlue>0</KeepBlue>                                      <!--0: default, 1: level 1, 2: level 2 (keep more blue)-->     
    		<MercurcyFlag>0</MercurcyFlag>                              <!--1: balance mercury lamp, ucKeepGreenGrass use default-->   
    		<KeepGreen>0</KeepGreen>                                    <!--0: default, 1:level 1, 2: level 2 (keep more green)-->     
				<LowCTFlag>1</LowCTFlag>                                    <!--1: balance low CT, ucKeeptungsten use default-->           
				<KeepYellow>0</KeepYellow>                                  <!--0: default, 1: level 1, 2: level 2 (keep more yellow)-->   
				<PreferenceMode>0</PreferenceMode>                          <!--0: default, 1: less yellowish tint-->                      
				<GainDirectSet>0</GainDirectSet>                            <!--1: apply AWB gain in auto mode directly, no convergence--> 
				<GainConvergentSpeed>0</GainConvergentSpeed>                <!--0: auto, 1: low speed, 2: middle speed, 3: high speed-->   
				<GainConvergentSensitivity>1</GainConvergentSensitivity>    <!--0: sensitivity low, 1: middle, 2: high-->                  
				<AWBGainShiftR>0</AWBGainShiftR>
				<AWBGainShiftB>35</AWBGainShiftB>
				<AWB_ALG_Mode>0</AWB_ALG_Mode>								<!--0: CCHist, 1: gray world-->
				<StatisticProc>0</StatisticProc>							<!--0: disable, 1: enable-->
				<SetStatisticWOI>1</SetStatisticWOI>						<!--0: disable, 1: enable-->
				<StatisticWOI>
					<StartX>2</StartX>
					<StartY>2</StartY>
					<Width>11</Width>
					<Height>11</Height>
				</StatisticWOI>
				<GrassComp>0</GrassComp>									<!--0: disable, 1: enable Histogram grass comp-->
				<ChangeEstRange>1</ChangeEstRange>							<!--0: use fw default setting, 1: use manual setting-->
				<EstRangeR>	 90, 88, 86, 84, 82, 75, 69, 58, 45, 32, 25, 20, 15, 10 </EstRangeR>
				<EstRangeL>     -45,-45,-42,-40,-37,-34,-32,-30,-28,-24,-20,-15, -8, -6 </EstRangeL>
				<EstRangeL2>    -45,-45,-42,-40,-37,-34,-32,-30,-27,-22,-17,-10, -4, -2 </EstRangeL2>
				<CCHistParaTuning>0</CCHistParaTuning>						<!--0: disable, 1: enable-->
				<CalMWBRange>0</CalMWBRange>								<!--0: disable, 1: enable-->
			</AWB>
			<AE>
				<TARGET_Y>   46, 60, 76, 92, 120, 148, 184, 226, 278, 368, 452, 558, 640 </TARGET_Y>
				<TARGETWDR_Y>46, 60, 76, 92, 120, 148, 184, 226, 278, 368, 452, 558, 640 </TARGETWDR_Y>
				<METERINFO>
                	<MODE_NUM>2</MODE_NUM>
                    <Mode0><!--Mode0/SIR mode-->
                    	<MeterComLevel>100</MeterComLevel>
						<MaxMeterEvCom>8000</MaxMeterEvCom>
                    </Mode0>
                    <Mode1><!--Mode1/WDR mode-->
                        <MeterComLevel>70</MeterComLevel>
						<MaxMeterEvCom>2000</MaxMeterEvCom>
                    </Mode1>
                </METERINFO>				
			</AE>
			<DNS>
				<GEN>
					<D2NCount>10</D2NCount>
					<N2DCount>12</N2DCount>
				</GEN>
				<LIGHTSENSOR>
					<D2NHighThresh>138</D2NHighThresh>
					<D2NNormalThresh>46</D2NNormalThresh>
					<D2NLowThresh>15</D2NLowThresh>			
					<N2DHighThresh>462</N2DHighThresh>
					<N2DNormalThresh>154</N2DNormalThresh>
					<N2DLowThresh>51</N2DLowThresh>							
				</LIGHTSENSOR>
				<IMG>
					<GainTH>180</GainTH>
					<Sensitivity_Hysteresis>30</Sensitivity_Hysteresis>
					<N2D_Hysteresis>40</N2D_Hysteresis>

					<AntiHunting_TimeCnt>40</AntiHunting_TimeCnt>
					<AntiHunting_BaseComp>20</AntiHunting_BaseComp>
															
					<Basic_GR>62.6575</Basic_GR>
					<Basic_GB>62.1450</Basic_GB>
					
					<A_anglemin>126.9453</A_anglemin>
					<A_anglemax>180.0</A_anglemax>
					<A_shiftgain>35.0</A_shiftgain>
					
					<D65_anglemin>101.5283</D65_anglemin>
					<D65_anglemax>121.6555</D65_anglemax>
					<D65_shiftgain>17.0</D65_shiftgain>
					
					<CWF_anglemin>65.8185</CWF_anglemin>
					<CWF_anglemax>73.4217</CWF_anglemax>
					<CWF_shiftgain>0.0</CWF_shiftgain>

					<TL84_anglemin>75.8065</TL84_anglemin>
					<TL84_anglemax>81.9387</TL84_anglemax>
					<TL84_shiftgain>0.0</TL84_shiftgain>	
					
					<IR_model_A> 0.0, -0.00006,  -0.010, 1.912 </IR_model_A>	
					<IR_model_D65> 0.0, 0.0, -0.082, 6.259</IR_model_D65>
					<IR_model_CWF> 0.0, 0.0, -0.135, 7.05</IR_model_CWF>
					<IR_model_TL84> 0.0, 0.0, -0.066 , 4.3</IR_model_TL84>			
				</IMG>
				<TUN>
					<Tuning_mode>0</Tuning_mode>					
				</TUN>
			</DNS>			
			<IQM>
			    <Defog>
					<Level>11</Level>
					<Value>80,80, 80, 80, 80, 80, 80, 80, 80, 80, 80</Value>
                </Defog>
				<Brightness>
					<Level>11</Level>
					<Value>-100,-80,-60,-40,-20,0,20,40,60,80,100</Value>
				</Brightness>
				<Contrast>
					<Level>11</Level>
					<Value>-60,-45,-34,-20,-8,5,15,25,44,59,74</Value>
				</Contrast>
				<Saturation>
					<Level>11</Level>
					<RGB2YUVR>0x0B1D964D,0x161D964D,0x1E1D964D,0x251D964D,0x291D964D,0x2C1D964D,0x2E1D964D,0x301D964D,0x331D964D,0x361D964D,0x381D964D</RGB2YUVR>
					<RGB2YUVG>0x1B202015,0x3641412B,0x4B5A5A3C,0x5B6D6D48,0x667A7A51,0x6E838357,0x7288885A,0x79919060,0x7E979764,0x86A0A06A,0x8BA6A76F</RGB2YUVG>
					<RGB2YUVB>0x00000005,0x0000000B,0x0000000F,0x00000012,0x00000014,0x00000015,0x00000016,0x00000018,0x00000019,0x0000001A,0x0000001B</RGB2YUVB>
					<Value>0,12,32,64,98,118,136,143,187,210,236</Value>
				</Saturation>
				<EE>
					<Level>11</Level>     
					<Enable>0,1,1,1,1,1,1,1,1,1,1</Enable>
					<RegionMode>0,0,0,0,0,0,0,0,0,0,0</RegionMode>
					<RegionMaskStride>    0, 0, 0, 0, 0, 0, 0, 0, 0, 0, 0  </RegionMaskStride>
					<FilterModePM>0,0,0,0,0,0,0,0,0,0,0</FilterModePM>
					<FilterCoringPM>0,0,0,0,0,0,0,0,0,0,0</FilterCoringPM>
					<FilterDownShiftBitPM>0, 0, 0, 0, 0, 0, 0, 0, 0, 0, 0  </FilterDownShiftBitPM>
					<FilterModeEE>0,0,0,0,0,0,0,0,0,0,0</FilterModeEE>
					<FilterCoringEE>     65,20,20,16,10,16,12, 8, 2,16,12</FilterCoringEE>
					<FilterDownShiftBitEE>8, 7, 6, 6, 5, 5, 4, 4, 4, 3, 3</FilterDownShiftBitEE>
					
					<FilterCoeffMatrixPM>
						<FilterCoeffMatrixPM0>0,0,0,0,0,0,0,0,0,0,0</FilterCoeffMatrixPM0>
						<FilterCoeffMatrixPM1>0,0,0,0,0,0,0,0,0,0,0</FilterCoeffMatrixPM1>
						<FilterCoeffMatrixPM2>0,0,0,0,0,0,0,0,0,0,0</FilterCoeffMatrixPM2>
						<FilterCoeffMatrixPM3>0,0,0,0,0,0,0,0,0,0,0</FilterCoeffMatrixPM3>
						<FilterCoeffMatrixPM4>0,0,0,0,0,0,0,0,0,0,0</FilterCoeffMatrixPM4>
						<FilterCoeffMatrixPM5>0,0,0,0,0,0,0,0,0,0,0</FilterCoeffMatrixPM5>
						<FilterCoeffMatrixPM6>0,0,0,0,0,0,0,0,0,0,0</FilterCoeffMatrixPM6>
						<FilterCoeffMatrixPM7>0,0,0,0,0,0,0,0,0,0,0</FilterCoeffMatrixPM7>
						<FilterCoeffMatrixPM8>0,0,0,0,0,0,0,0,0,0,0</FilterCoeffMatrixPM8>
					</FilterCoeffMatrixPM>
					<FilterCoeffMatrixEE> <!-- 0    1    2    3    4    5    6    7    8    9   10    -->
						<FilterCoeffMatrixEE0>    -8, -22,  -8, -22,  -11,  -23,  -14,  -37, -16, -37, -16,            </FilterCoeffMatrixEE0>
						<FilterCoeffMatrixEE1>    -9, -16,  -9, -16,  -11,  -20,  -13,  -21, -25, -21, -25,            </FilterCoeffMatrixEE1>
						<FilterCoeffMatrixEE2>    -9, -11,  -9, -11,  -11,  -14,  -13,  -11, -24, -11, -24,            </FilterCoeffMatrixEE2>
						<FilterCoeffMatrixEE3>    -9, -16,  -9, -16,  -11,  -20,  -13,  -21, -25, -21, -25,            </FilterCoeffMatrixEE3>
						<FilterCoeffMatrixEE4>   	-8,  13,	-8,  13,  -10,   13,  -12,   22,   6,  22,   6,           </FilterCoeffMatrixEE4>
						<FilterCoeffMatrixEE5>    -8,  35,  -8,  35,  -10,   42,  -12,   48,  50,  48,  50,           </FilterCoeffMatrixEE5>
						<FilterCoeffMatrixEE6>    -9, -11,  -9, -11,  -11,  -14,  -13,  -11, -24, -11, -24,            </FilterCoeffMatrixEE6>
						<FilterCoeffMatrixEE7>   	-8,  35,	-8,  35,  -10,   42,  -12,   48,  50,  48,  50,           </FilterCoeffMatrixEE7>
						<FilterCoeffMatrixEE8>   204,  68, 204,  68,  256,   88,  308,   80, 136,  80, 136,           </FilterCoeffMatrixEE8>
					</FilterCoeffMatrixEE>
				</EE>
				<CCM>
					<Level>11</Level>
					<RR>1000, 1109, 1218, 1328, 1437, 1546, 1655 ,1764 , 1874 , 1983 ,2092  </RR>
					<GR>   0, -41 , -82 , -122, -163, -204, -245 ,-286 , -326 , -367 ,-408  </GR>
					<BR>   0, -68 , -137, -205, -274, -342, -410 ,-479 , -547 , -616 ,-684  </BR>
					<RG>   0, -119, -238, -356, -475, -594, -713 ,-832 , -950 , -1069,-1188 </RG>
					<GG>1000, 1217, 1434, 1651, 1868, 2085, 2302 ,2519 , 2736 , 2953 ,3170  </GG>
					<BG>   0, -98 , -196, -295, -393, -491, -589 ,-687 , -786 , -884 ,-982  </BG>
					<RB>   0,    0,    0,	   0,    0,    0,     0,    0,     0,     0,  0   </RB>
					<GB>   0, -172, -344, -516, -688, -860, -1032,-1204,--1376,--1548,-1720 </GB>
					<BB>1000, 1172, 1344, 1516, 1688, 1860, 2032 ,2204 , 2376 , 2548 ,2720  </BB>	
				</CCM>
				<NR2D>
					<Level>11</Level>
					<OFF>
						<Enable>               0,  0,  0,  0,  0,  0,  0,  1,  1,  1,  1</Enable>
						<MaEnable>             0,  0,  0,  0,  0,  0,  0,  0,  0,  0,  0</MaEnable>
						<RefFramePenaltyWgt>   4,  4,  4,  4,  4,  4,  4,  3,  3,  3,  3</RefFramePenaltyWgt>
						<NRGlobalSr>           0,  0,  0,  0,  0,  0,  0,  0,  0,  0,  0</NRGlobalSr>
						<NRLocalSr>            0,  0,  0,  0,  0,  0,  0,  0,  1,  1,  1</NRLocalSr>
						<NR2DMode>             3,  3,  3,  3,  3,  3,  0,  0,  0,  0,  0</NR2DMode>
						<FixNrWgt>           350,350,350,350, 70, 62, 50,200, 180,120,100</FixNrWgt>
						<MaCurNrWgtForMaHigh>128,128,128,128,128,128,128,128,128, 15, 10</MaCurNrWgtForMaHigh>
						<MaCurNrWgtForMaLow> 256,256,256,256,256,256,256,256,256, 30, 28</MaCurNrWgtForMaLow>
						<MaRefNrWgtForMaHigh>592,592,592,592,592,592,592,592,592,150,200</MaRefNrWgtForMaHigh>
						<MaRefNrWgtForMaLow>  32, 32, 32, 32, 32, 32, 32, 32, 32,150,195</MaRefNrWgtForMaLow>
					</OFF>                                                     
					<LOW>
						<Enable>               1,  1,  1,  1,  1,  1,  1,  1,  1,  1,  1</Enable>
						<MaEnable>             0,  0,  0,  0,  0,  0,  0,  0,  0,  0,  1</MaEnable>
						<RefFramePenaltyWgt>   4,  4,  4,  4,  4,  4,  4,  4,  3,  3,  4</RefFramePenaltyWgt>
						<NRGlobalSr>           1,  1,  2,  0,  0,  2,  2,  2,  3,  2,  2</NRGlobalSr>
						<NRLocalSr>            0,  0,  0,  0,  2,  2,  2,  2,  2,  1,  1</NRLocalSr>
						<NR2DMode>             3,  3,  3,  3,  3,  3,  3,  3,  3,  3,  3</NR2DMode>
						<FixNrWgt>           250,200,230,100, 85, 76, 45, 35, 28, 23, 15</FixNrWgt>
						<MaCurNrWgtForMaHigh>128,128,128,128,128,128,128,128, 30, 25, 20</MaCurNrWgtForMaHigh>
						<MaCurNrWgtForMaLow> 256,256,256,256,256,256,256,256, 32, 40, 38</MaCurNrWgtForMaLow>
						<MaRefNrWgtForMaHigh>592,592,592,592,592,592,592,592, 55,150,200</MaRefNrWgtForMaHigh>
						<MaRefNrWgtForMaLow>  32, 32, 32, 32, 32, 32, 32, 32, 60,150,195</MaRefNrWgtForMaLow>
					</LOW>
					<MIDDLE>
						<Enable>               1,  1,  1,  1,  1,  1,  1,  1,  1,  1,  1</Enable>
						<MaEnable>             0,  0,  0,  0,  0,  0,  0,  0,  0,  0,  0</MaEnable>
						<RefFramePenaltyWgt>   4,  4,  4,  4,  4,  4,  4,  4,  3,  3,  3</RefFramePenaltyWgt>
						<NRGlobalSr>           1,  1,  1,  3,  3,  3,  3,  3,  3,  3,  3</NRGlobalSr>
						<NRLocalSr>            1,  1,  1,  1,  1,  2,  2,  2,  2,  2,  2</NRLocalSr>
						<NR2DMode>             3,  3,  3,  3,  3,  3,  3,  3,  3,  3,  3</NR2DMode>
						<FixNrWgt>           110, 88, 75, 63, 52, 45, 37, 25, 18, 13,  5</FixNrWgt>
						<MaCurNrWgtForMaHigh>128,128,128,128,128,128,128, 28, 22, 15, 10</MaCurNrWgtForMaHigh>
						<MaCurNrWgtForMaLow> 256,256,256,256,256,256,256, 36, 15, 30, 28</MaCurNrWgtForMaLow>
						<MaRefNrWgtForMaHigh>592,592,592,592,592,592,592,592, 55,150,200</MaRefNrWgtForMaHigh>
						<MaRefNrWgtForMaLow>  32, 32, 32, 32, 32, 32, 32, 32, 60,150,195</MaRefNrWgtForMaLow>
					</MIDDLE>
					<HIGH>
						<Enable>               1,  1,  1,  1,  1,  1,  1,  1,  1,  1,  1</Enable>
						<MaEnable>             0,  0,  0,  0,  0,  0,  0,  0,  0,  0,  0</MaEnable>
						<RefFramePenaltyWgt>   4,  4,  4,  4,  4,  4,  4,  4,  3,  3,  3</RefFramePenaltyWgt>
						<NRGlobalSr>           3,  3,  3,  3,  3,  3,  3,  3,  3,  3,  3</NRGlobalSr>
						<NRLocalSr>            1,  1,  2,  2,  2,  2,  2,  2,  2,  2,  2</NRLocalSr>
						<NR2DMode>             3,  3,  3,  3,  3,  3,  3,  3,  3,  3,  3</NR2DMode>
						<FixNrWgt>            96, 85, 80, 55, 47, 35, 30, 15, 13,  8,  2</FixNrWgt>
						<MaCurNrWgtForMaHigh>128,128,128,128,128,128,128,128, 20, 10,  5</MaCurNrWgtForMaHigh>
						<MaCurNrWgtForMaLow> 256,256,256,256,256,256,256,256, 18, 20, 18</MaCurNrWgtForMaLow>
						<MaRefNrWgtForMaHigh>592,592,592,592,592,592,592,592, 55,150,200</MaRefNrWgtForMaHigh>
						<MaRefNrWgtForMaLow>  32, 32, 32, 32, 32, 32, 32, 32, 60,150,195</MaRefNrWgtForMaLow>
					</HIGH>
				</NR2D>
				<NR3D>
					<Level>11</Level>
					<OFF>
						<Enable>         0,0,0,0,0,0,0,0,0,0,0</Enable>
						<Strength>       1,1,1,1,1,1,1,1,1,1,1</Strength>
						<NRS_En>         1,1,1,1,1,1,1,1,1,1,1</NRS_En>
						<NRS_Gain>       0,0,0,0,0,0,0,0,0,0,0</NRS_Gain>
						<NRS_MaxThd>     0,0,0,0,0,0,0,0,0,0,0</NRS_MaxThd>
						<NRS_MinThd>     0,0,0,0,0,0,0,0,0,0,0</NRS_MinThd>
						<NRS_RefStrength>1,1,1,1,1,1,1,1,1,1,1</NRS_RefStrength>
					</OFF>
					<LOW>
						<Enable>          1,  1,  1,  1,  1,  1,  1,  1,  1,   1,  1</Enable>
						<Strength>        8,  11, 12, 13, 15, 17, 19, 21, 26,  24, 27</Strength>
						<NRS_En>          1,  1,  1,  1,  1,  1,  1,  1,  1,   1,  1</NRS_En>
						<NRS_Gain>      110, 100, 60, 40, 40, 38, 38, 36, 36,  34, 22</NRS_Gain>
						<NRS_MaxThd>     30,  30, 30, 30, 30, 30, 30, 28, 28,  28, 23</NRS_MaxThd>
						<NRS_MinThd>      0,  0,  0,  0,  0,  0,  0,  0,  0,   0,  2</NRS_MinThd>
						<NRS_RefStrength> 8,  11, 12, 13, 15, 17, 19, 21, 26,  24, 27</NRS_RefStrength>		
					</LOW>
	        <MIDDLE>
						<Enable>           1,  1,  1,  1,  1,  1,  1,  1,  1,  1,  1</Enable>
						<Strength>        12, 14, 16, 18, 19, 20, 22, 25, 26, 28, 29</Strength>
						<NRS_En>           1,  1,  1,  1,  1,  1,  1,  1,  1,  1,  1</NRS_En>
						<NRS_Gain>       110, 100,60, 38, 38, 35, 34, 34, 34, 34, 10</NRS_Gain>
						<NRS_MaxThd>      30, 30, 30, 30, 30, 29, 29, 28, 28, 26, 30</NRS_MaxThd>
						<NRS_MinThd>       0,  0,  0,  0,  0,  0,  0,  0,  0,  0,  2</NRS_MinThd>
						<NRS_RefStrength> 12, 14, 16, 18, 19, 20, 22, 25, 26, 28, 29</NRS_RefStrength>
					</MIDDLE>
					<HIGH>
						<Enable>           1,  1,  1,  1,  1,  1,  1,  1,  1,  1,  1</Enable>
						<Strength>        15, 17, 20, 22, 25, 22, 25, 27, 28, 30, 31</Strength>
						<NRS_En>           1,  1,  1,  1,  1,  1,  1,  1,  1,  1,  1</NRS_En>
						<NRS_Gain>       110,100, 60, 35, 32, 34, 34, 28, 28, 30, 16</NRS_Gain>
						<NRS_MaxThd>      30, 30, 30, 30, 30, 30, 28, 28, 26, 26, 18</NRS_MaxThd>
						<NRS_MinThd>       0,  0,  0,  0,  0,  0,  0,  0,  0,  0,  2</NRS_MinThd>
						<NRS_RefStrength> 15, 17, 20, 22, 25, 22, 25, 27, 28, 30, 31</NRS_RefStrength>
					</HIGH>
				</NR3D>
				<LTM>
					<TABLE>
						<Level>27</Level> <!--0    1    2    3    4    5    6    7    8    9   10   11   12   13   14   15   16   17   18   19   20   21   22   23   24   25   26-->
						<Enable>              0,   1,   1,   1,   1,   1,   1,   1,   1,   1,   1,   1,   1,   1,   1,   1,   1,   1,   1,   1,   1,   1,   1,   1,   1,   1,   1</Enable>
						<BtoneEn>             0,   1,   1,   1,   1,   1,   1,   1,   1,   1,   1,   1,   1,   1,   1,   1,   1,   1,   1,   0,   0,   0,   0,   0,   0,   1,   1</BtoneEn>
						<EeEn>                0,   1,   1,   1,   1,   1,   1,   1,   1,   1,   1,   1,   1,   1,   1,   1,   1,   1,   1,   1,   1,   1,   1,   1,   1,   1,   1</EeEn>
						<DarkAreaLimit>       0,1200,1200,1200,1200,1200,1200, 900, 900, 900, 900, 900, 900, 900, 900, 900, 900, 900, 900,1024,1200,4095,4095,4095,2048,1024,1024</DarkAreaLimit>
					  <DtoneGain>           0,   1,   1,   1,   1,   1,   1,   1,   1,   1,   1,   1,   1,   3,   3,   3,   3,   3,   3,   1,   0,   0,   1,   1,   1,   2,   3</DtoneGain>
						<BtoneGain>           0,   2,   2,   2,   2,   2,   2,   4,   4,   4,   4,   4,   4,   6,   6,   6,   6,   6,   6,   0,   0,   0,   0,   0,   0,   6,   6</BtoneGain>
						<LinearCCMGain>    1000,1000,1000,1000,1000,1000,1000,1000,1000,1000,1000,1000,1000,1000,1000,1000,1000,1000,1000,1000,1000,1000,1000,1000,1000,1000,1000</LinearCCMGain>
						<EE>                                                                                                                                                     
							<EeCoring>   		 40,  40,  40,  40,  40,  40,  40,  40,  40,  40,  40,  40,  40,  40,  40,  40,  40,  40,  40,  40,  40,  40,  40,  40,  40,  40,  40</EeCoring>      
							<EeGain>         96,  96,  96,  96,  96,  96,  96,  96,  96,  96,  96,  96,  96,  96,  96,  96,  96,  96,  96,  96,  96,  96,  96,  96,  96,  96,  96</EeGain>        
							<EeDownShiftBit>  6,   6,   6,   6,   6,   6,   6,   6,   6,   6,   6,   6,   6,   6,   6,   6,   6,   6,   6,   6,   6,   6,   6,   6,   6,   6,   6</EeDownShiftBit>
							<EeCoeff0>		-17, -17, -17, -17, -17, -17, -17, -17, -17, -17, -17, -17, -17, -17, -17, -17, -17, -17, -17, -17, -17, -17, -17, -17, -17, -17, -17</EeCoeff0>      
							<EeCoeff1>		-14,  -4,  -4,  -4,  -4,  -4,  -4,  -4,  -4,  -4,  -4,  -4,  -4,  -4,  -4,  -4,  -4,  -4,  -4,  -4,  -4,  -4,  -4,  -4,  -4,  -4,  -4</EeCoeff1>      
							<EeCoeff2>		  0,   0,   0,   0,   0,   0,   0,   0,   0,   0,   0,   0,   0,   0,   0,   0,   0,   0,   0,   0,   0,   0,   0,   0,   0,   0,   0</EeCoeff2>      
							<EeCoeff3>		 -4,  -4,  -4,  -4,  -4,  -4,  -4,  -4,  -4,  -4,  -4,  -4,  -4,  -4,  -4,  -4,  -4,  -4,  -4,  -4,  -4,  -4,  -4,  -4,  -4,  -4,  -4</EeCoeff3>      
							<EeCoeff4>		  8,   8,   8,   8,   8,   8,   8,   8,   8,   8,   8,   8,   8,   8,   8,   8,   8,   8,   8,   8,   8,   8,   8,   8,   8,   8,   8</EeCoeff4>      
							<EeCoeff5>		 13,  13,  13,  13,  13,  13,  13,  13,  13,  13,  13,  13,  13,  13,  13,  13,  13,  13,  13,  13,  13,  13,  13,  13,  13,  13,  13</EeCoeff5>      
							<EeCoeff6>		  0,   0,   0,   0,   0,   0,   0,   0,   0,   0,   0,   0,   0,   0,   0,   0,   0,   0,   0,   0,   0,   0,   0,   0,   0,   0,   0</EeCoeff6>      
							<EeCoeff7>		 13,  13,  13,  13,  13,  13,  13,  13,  13,  13,  13,  13,  13,  13,  13,  13,  13,  13,  13,  13,  13,  13,  13,  13,  13,  13,  13</EeCoeff7>      
							<EeCoeff8>		 16,  16,  16,  16,  16,  16,  16,  16,  16,  16,  16,  16,  16,  16,  16,  16,  16,  16,  16,  16,  16,  16,  16,  16,  16,  16,  16</EeCoeff8>      
						</EE>                                                                                                                                                     
						<CC>                                                                                                                                                      
							<CcCoeffRR>     231, 128, 181, 191, 201, 211, 231, 128, 181, 191, 201, 211, 231, 128, 181, 191, 201, 211, 231, 231, 211, 211, 231, 211, 231, 231, 231</CcCoeffRR>   
							<CcCoeffGR>     -47,   0, -22, -27, -32, -37, -47,   0,	-22, -27, -32, -37, -47,   0, -22, -27, -32, -37, -47, -47, -37, -37, -47, -37, -47, -47, -47</CcCoeffGR>   
							<CcCoeffBR>     -56,   0, -31, -36, -41, -45, -56,   0,	-31, -36, -41, -45, -56,   0, -31, -36, -41, -45, -56, -56, -45, -45, -56, -45, -56, -56, -56</CcCoeffBR>   
							<CcCoeffRG>     -65,   0, -45, -50, -55, -60, -65,   0,	-45, -50, -55, -60, -65,   0, -45, -50, -55, -60, -65, -65, -60, -60, -65, -60, -65, -65, -65</CcCoeffRG>   
							<CcCoeffGG>     251, 128, 211, 221, 231, 241, 251, 128,	211, 221, 231, 241, 251, 128, 211, 221, 231, 241, 251, 251, 241, 241, 251, 241, 251, 251, 251</CcCoeffGG>   
							<CcCoeffBG>     -58,   0, -38, -43, -48, -53, -58,   0,	-38, -43, -48, -53, -58,   0, -38, -43, -48, -53, -58, -58, -53, -53, -58, -53, -58, -58, -58</CcCoeffBG>   
							<CcCoeffRB>       0,   0,   0,   0,   0,   0,   0,   0,	  0,   0,   0,   0,   0,   0,   0,   0,   0,   0,   0,   0,   0,   0,   0,   0,   0,   0,   0</CcCoeffRB>   
							<CcCoeffGB>    -127,   0, -77, -87, -97,-107,-127,   0,	-77, -87, -97,-107,-127,   0, -77, -87, -97,-107,-127,-127,-107,-107,-127,-107,-127,-127,-127</CcCoeffGB>   
							<CcCoeffBB>     255, 128, 205, 215, 225, 235, 255, 128,	205, 215, 225, 235, 255, 128, 205, 215, 225, 235, 255, 255, 235, 235, 255, 235, 255, 255, 255</CcCoeffBB>   
							<CcInROffset>     0,   0,   0,   0,   0,   0,   0,   0,   0,   0,   0,   0,   0,   0,   0,   0,   0,   0,   0,   0,   0,   0,   0,   0,   0,   0,   0</CcInROffset> 
							<CcInGOffset>     0,   0,   0,   0,   0,   0,   0,   0,   0,   0,   0,   0,   0,   0,   0,   0,   0,   0,   0,   0,   0,   0,   0,   0,   0,   0,   0</CcInGOffset> 
							<CcInBOffset>     0,   0,   0,   0,   0,   0,   0,   0,   0,   0,   0,   0,   0,   0,   0,   0,   0,   0,   0,   0,   0,   0,   0,   0,   0,   0,   0</CcInBOffset> 
							<CcOutROffset>    0,   0,   0,   0,   0,   0,   0,   0,   0,   0,   0,   0,   0,   0,   0,   0,   0,   0,   0,   0,   0,   0,   0,   0,   0,   0,   0</CcOutROffset>
							<CcOutGOffset>    0,   0,   0,   0,   0,   0,   0,   0,   0,   0,   0,   0,   0,   0,   0,   0,   0,   0,   0,   0,   0,   0,   0,   0,   0,   0,   0</CcOutGOffset>
							<CcOutBOffset>    0,   0,   0,   0,   0,   0,   0,   0,   0,   0,   0,   0,   0,   0,   0,   0,   0,   0,   0,   0,   0,   0,   0,   0,   0,   0,   0</CcOutBOffset>
						</CC>
						<GammaCurve>          1,   0,   0,   0,   0,   0,   0,   0,   0,   0,   0,   0,   0,   0,   0,   0,   0,   0,   0,   0,   1,   1,   1,   1,   1,   1,   1</GammaCurve>
					</TABLE>
				</LTM>
				<DECOMP>
					<Level>2</Level>
					<CurveY0>      0,    0</CurveY0>
					<CurveX0>      0,    0</CurveX0>
					<CurveY1>    256,  256</CurveY1>
					<CurveX1>    256,  256</CurveX1>
					<CurveY2>    512,  512</CurveY2>
					<CurveX2>    512,  512</CurveX2>
					<CurveY3>    768,  768</CurveY3>
					<CurveX3>    768,  768</CurveX3>
					<CurveY4>   1024, 1024</CurveY4>
					<CurveX4>   1024, 1024</CurveX4>
					<CurveY5>   1536, 2048</CurveY5>
					<CurveX5>   1536, 2048</CurveX5>
					<CurveY6>   2048,16384</CurveY6>
					<CurveX6>   2048, 2944</CurveX6>
					<CurveY7>   3072,65535</CurveY7>
					<CurveX7>   3072, 3712</CurveX7>
					<CurveYMax> 4095,65535</CurveYMax>
					<CurveXMax> 4095, 4095</CurveXMax>
				</DECOMP>
				<LSC>
           <Level>2</Level>
           <Enable>   0, 1</Enable>
           <HorzSize> 1, 1</HorzSize>
           <VertSize> 1, 1</VertSize>
        </LSC>
        <DPC>
                  <Level>4</Level>
                  <Enable>          0,    1,    1,    1</Enable>
                  <BitMapEn>        0,    1,    1,    1</BitMapEn>
                  <LocalMaxCorrEn>  0,    1,    1,    0</LocalMaxCorrEn>
                  <LocalMinCorrEn>  0,    1,    1,    0</LocalMinCorrEn>
                  <BitMapMode>      2,    2,    2,    2</BitMapMode>
                  <CenVarWgtThdH>   0,  640,   86, 4095</CenVarWgtThdH>
                  <CenVarWgtThdL>   0,  128,  120, 4095</CenVarWgtThdL>
                  <NbrVarWgtThdH>   0,  640,   86, 4095</NbrVarWgtThdH>
                  <NbrVarWgtThdL>   0,  128,  120, 4095</NbrVarWgtThdL>
        </DPC>
				<LLM>
					<ENABLE_AUTO_EQUIVALENT_GAIN>1</ENABLE_AUTO_EQUIVALENT_GAIN>           
					 <ENABLE_LIMITAUTO_EQUIVALENT_GAIN>0</ENABLE_LIMITAUTO_EQUIVALENT_GAIN>
					<MODE_NUM>3</MODE_NUM>
					<Mode0><!--Mode0--><!--WDR pro disable(Linear)-->
						<Level>13</Level>
						<!--          0    1    2    3    4    5    6    7    8    9   10   11   12 -->
						<GainThr>     0,  21,  41,  61,  81, 101, 121, 131, 141, 151, 161, 171, 181</GainThr>
						<Brightness> 50,  50,  50,  50,  50,  50,  50,  50,  50,  50,  50,  50,  50</Brightness>
						<Contrast>   50,  50,  50,  50,  50,  50,  50,  50,  50,  50,  50,  50,  50</Contrast>
						<Saturation> 50,  50,  50,  50,  50,  50,  40,  40,  40,  40,  40,  30,  30</Saturation>
						<Sharpness>  50,  50,  50,  50,  40,  40,  30,  30,  30,  30,  20,  10,  10</Sharpness>
						<Gamma>      14,  14,  14,  14,  14,  14,  13,  13,  13,  13,  13,  13,  13</Gamma>
						<CCM>        50,  50,  50,  50,  50,  50,  40,  30,  30,  30,  30,  30,  30</CCM>
						<NR2D>        1,   1,   2,   4,   4,   5,   6,   6,   7,   7,   8,   9,   9</NR2D>
						<OB>        240,  240, 240, 240, 240, 240, 240, 240, 240, 240, 240, 240, 240</OB>
						<DPC>         1,   1,   1,   1,   1,   1,   1,   1,   2,   2,   2,   2,   2</DPC>
					  <LSC>         0,   0,   0,   0,   0,   0,   0,   0,   0,   0,   0,   0,   0</LSC>
						<NR3D>        1,   2,   2,   3,   4,   5,   5,   6,   6,   6,   7,   8,   9</NR3D>
						<EVoffset>    0,   0,   0,   0,   0,-100,-300,-300,-500,-500,-500,-500,-500</EVoffset>
						<DefogLv>     50, 50,  50,  50,  50,  50,  50,  50,  50,  50,  50,  50,  50</DefogLv> 
						
					</Mode0>
					<Mode1><!--Mode1--><!--WDR pro enable(WDR)-->
						<Level>9</Level>
						<GainThr>     0,  21,  41,  51,  61,  71,  81,  99, 101</GainThr>
						<Brightness> 50,  50,  50,  50,  50,  50,  50,  50,  50</Brightness>
						<Contrast>   50,  50,  50,  50,  50,  50,  50,  50,  50</Contrast>
						<Saturation> 50,  50,  50,  50,  50,  50,  50,  50,  50</Saturation>
						<Sharpness>  50,  40,  40,  40,  40,  40,  40,  40,  30</Sharpness>
						<Gamma>       0,   0,   0,   0,   0,   0,   0,   0,   0</Gamma>
						<CCM>        50,  50,  50,  50,  50,  50,  50,  50,  50</CCM>
						<NR2D>       12,  13,  13,  13,  13,  13,  13,  13,  15</NR2D>
						<OB>         16,  16,  16,  16,  16,  16,  16,  16,  16</OB>
						<DPC>         1,   1,   1,   1,   1,   1,   1,   1,   1</DPC>
						<NR3D>       12,  14,  15,  16,  17,  17,  17,  18,  18</NR3D>
						<EVoffset>    0,   0,   0,   0,   0,   0,   0,   0,   0</EVoffset>
						<DefogLv>    50,  50,  50,  50,  50,  50,  50,  50,  50</DefogLv> 
					</Mode1>
					<Mode2><!--Mode2-->
					<Level>10</Level>
						<GainThr>     21,  41,  71,  81, 101, 121, 141, 161, 181, 201 </GainThr>
						<Brightness>  50,  50,  50,  50,  50,  50,  50,  50,  50,  50 </Brightness>
						<Contrast>    50,  50,  50,  50,  50,  50,  50,  50,  50,  50 </Contrast>
						<Saturation>  50,  50,  50,  50,  50,  50,  40,  40,  30,  30 </Saturation>
						<Sharpness>   50,  50,  50,  50,  50,  40,  30,  20,  10,  10 </Sharpness>
						<Gamma>        0,   0,   0,   0,   0,  12,  12,  12,  12,  12 </Gamma>
						<CCM>         50,  50,  40,  40,  30,  30,  30,  30,   0,   0 </CCM>
						<NR2D>         0,   1,   3,   3,   5,   6,   7,   8,   9,   9 </NR2D>
						<OB>          16,  16,  16,  16,  16,  16,  16,  16,  16,  16 </OB>
						<DPC>          1,   1,   1,   1,   1,   1,   2,   2,   2,   2</DPC>
						<NR3D>         0,   1,   7,   4,   5,   6,   7,   7,   8,   9 </NR3D>
						<EVoffset>     0,   0,   0,   0,   0,-100,-100,-200,-300,-400 </EVoffset>
						<DefogLv>     50,  50,  50,  50,  50,  50,  50,  50,  50,  50 </DefogLv>
					</Mode2>
				
				</LLM>
				<WDRPro> <!--WDR Pro Level settings-->
					<HIGHLIGHT_SWITCH>
						<ENABLE>0</ENABLE>
						<BV_TH>6000</BV_TH><!--High light BV threshold-->
						<OVEREXP_TH>200</OVEREXP_TH><!--over exposure threshold, 0~255-->
						<OVEREXP_PERCENTAGE>40</OVEREXP_PERCENTAGE><!--over exposure percentage, 0~100-->
						<BACK_OFFSET>0</BACK_OFFSET><!--switch back to wdr threshold offset-->					
					</HIGHLIGHT_SWITCH>
					
					<WDRPRO_STRENGTH_NUM>2</WDRPRO_STRENGTH_NUM>
					<WDRProLevel0><!--WDRProLevel0-->
			                  	<WDRProSwitch_NUM>1</WDRProSwitch_NUM>
			                  	<WDRProSwitch0>
				                   	<BRIGHTNESS_TH>0, 300</BRIGHTNESS_TH>
				                    <WDRPro_Level>1</WDRPro_Level>                 
							<DWDR> <!--DWDR Level settings-->
								<DWDR_STRENGTH_NUM>4</DWDR_STRENGTH_NUM>
								<GAIN_LEVEL_NUM>14</GAIN_LEVEL_NUM>			
								<GainThr>     0, 21, 41, 61, 81,101,121,131,141,161,181,200,201,221</GainThr>
								<DWDR_Level0> 0,  0,  0,  0,  0,  0,  0,  0,  0,  0,  0,  0,  0,  0</DWDR_Level0>
								<DWDR_Level1>20, 20, 20, 21, 21, 21, 21,  0,  0,  0,  0,  0,  0,  0</DWDR_Level1>
								<DWDR_Level2>24, 24, 24, 23, 23, 22, 21,  0,  0,  0,  0,  0,  0,  0</DWDR_Level2>
								<DWDR_Level3>26, 26, 26, 25, 25, 25, 23,  0,  0,  0,  0,  0,  0,  0</DWDR_Level3>
							</DWDR>
						</WDRProSwitch0>
					</WDRProLevel0>
					
					<WDRProLevel1><!--WDRProLevel1-->
			                  	<WDRProSwitch_NUM>2</WDRProSwitch_NUM>		                  	
			                  	<WDRProSwitch0>
			                     	<BRIGHTNESS_TH>0, 120</BRIGHTNESS_TH>
							<WDRPro_Level> 16</WDRPro_Level>  <!--WDR Pro Level 0: off, n:nx-->
							<DWDR> <!--DWDR Level settings-->
								<DWDR_STRENGTH_NUM>4</DWDR_STRENGTH_NUM>
								<GAIN_LEVEL_NUM>13</GAIN_LEVEL_NUM>			
								<GainThr>     0, 21, 41, 61, 81,101,121,141,161,181,200,201,221</GainThr>
								<DWDR_Level0>19, 19, 19, 19, 19, 19, 19,  0,  0,  0,  0,  0,  0</DWDR_Level0>
								<DWDR_Level1> 6,  6,  6,  6,  6,  6,  6,  0,  0,  0,  0,  0,  0</DWDR_Level1>
								<DWDR_Level2>12, 12, 12, 12, 12, 12, 12,  0,  0,  0,  0,  0,  0</DWDR_Level2>
								<DWDR_Level3>18, 18, 18, 18, 18, 18,  0,  0,  0,  0,  0,  0,  0</DWDR_Level3>
							</DWDR>
						</WDRProSwitch0>
						
			                  	<WDRProSwitch1>
				                   	<BRIGHTNESS_TH>30, 150</BRIGHTNESS_TH>
				                    <WDRPro_Level>1</WDRPro_Level>                 
							<DWDR> <!--DWDR Level settings-->
								<DWDR_STRENGTH_NUM>4</DWDR_STRENGTH_NUM>
								<GAIN_LEVEL_NUM>14</GAIN_LEVEL_NUM>			
								<GainThr>     0, 21, 41, 61, 81,101,121,131,141,161,181,200,201,221</GainThr>
								<DWDR_Level0> 0,  0,  0,  0,  0,  0,  0,  0,  0,  0,  0,  0,  0,  0</DWDR_Level0>
								<DWDR_Level1>21, 21, 21, 21, 21, 21, 21,  0,  0,  0,  0,  0,  0,  0</DWDR_Level1>
								<DWDR_Level2>24, 24, 24, 23, 23, 22, 21,  0,  0,  0,  0,  0,  0,  0</DWDR_Level2>
								<DWDR_Level3>26, 26, 26, 25, 25, 25, 23,  0,  0,  0,  0,  0,  0,  0</DWDR_Level3>
							</DWDR>
						</WDRProSwitch1>							
					</WDRProLevel1>				
				</WDRPro>
			</IQM>
			<Pcurve>
				<MODE_NUM>7</MODE_NUM>
				<Mode0><!--Auto 60Hz-->
					<NODE_COUNT>26</NODE_COUNT>
					<Aperture>         1,     1,     1,     1,     1,     1,     1,     1,     1,     1,     1,     1,     1,     1,     1,     1,     1,     1,     1,     1,     1,     1,     1,     1,     1,     1</Aperture>
					<Shutter>     200000,200000, 66666, 66666, 33333, 33333, 16666, 16666,  8333,  8333,  4166,  4166,  2083,  2083,  1000,  1000,   500,   500,   250,   250,   125,   125,    62,    62,    31,    31</Shutter>
					<Gain>       1024000,   100,   300,   100,   200,   100,   200,   100,   200,   100,   200,   100,   200,   100,   208,   100,   200,   100,   200,   100,   200,   100,   200,   100,   200,   100</Gain>
					<IRPwm>         1000,  1000,  1000,  1000,  1000,  1000,  1000,  1000,  1000,  1000,  1000,  1000,  1000,  1000,  1000,  1000,  1000,  1000,  1000,  1000,  1000,  1000,  1000,  1000,  1000,  1000</IRPwm>
					<LS>               0,     0,     0,     0,     0,     0,     0,     0,     0,     0,     0,     0,     0,     0,     0,     0,     0,     0,     0,     0,     0,     0,     0,     0,     0,     0</LS>
					<!--               0      1      2      3      4      5      6      7      8      9      A      B      C      D      E      F     10     11     12     13     14     15     16     17     18     19-->
					<link_node0>    0x01,  0x00,  0x01,  0x02,  0x03,  0x04,  0x05,  0x06,  0x07,  0x08,  0x09,  0x0A,  0x0B,  0x0C,  0x0D,  0x0E,  0x0F,  0x10,  0x11,  0x12,  0x13,  0x14,  0x15,  0x16,  0x17,  0x18</link_node0>
					<link_node1>    0xFF,  0x02,  0x03,  0x04,  0x05,  0x06,  0x07,  0x08,  0x09,  0x0A,  0x0B,  0x0C,  0x0D,  0x0E,  0x0F,  0x10,  0x11,  0x12,  0x13,  0x14,  0x15,  0x16,  0x17,  0x18,  0x19,  0xFF</link_node1>
					<node_direction0>  1,    -1,    -1,    -1,    -1,    -1,    -1,    -1,    -1,    -1,    -1,    -1,    -1,    -1,    -1,    -1,    -1,    -1,    -1,    -1,    -1,    -1,    -1,    -1,    -1,    -1</node_direction0>
					<node_direction1>  0,     1,     1,     1,     1,     1,     1,     1,     1,     1,     1,     1,     1,     1,     1,     1,     1,     1,     1,     1,     1,     1,     1,     1,     1,     0</node_direction1>
				</Mode0>
				<Mode1><!--Auto 50Hz-->
					<NODE_COUNT>26</NODE_COUNT>
					<Aperture>         1,     1,     1,     1,     1,     1,     1,     1,     1,     1,     1,     1,     1,     1,     1,     1,     1,     1,     1,     1,     1,     1,     1,     1,     1,     1</Aperture>
					<Shutter>     200000,200000, 66666, 66666, 40000, 40000, 20000, 20000, 10000, 10000,  4000,  4000,  2000,  2000,  1000,  1000,   500,   500,   250,   250,   125,   125,    62,    62,    31,    31</Shutter>
					<Gain>       1024000,   100,   300,   100,   167,   100,   200,   100,   200,   100,   250,   100,   200,   100,   200,   100,   200,   100,   200,   100,   200,   100,   200,   100,   200,   100</Gain>
					<IRPwm>         1000,  1000,  1000,  1000,  1000,  1000,  1000,  1000,  1000,  1000,  1000,  1000,  1000,  1000,  1000,  1000,  1000,  1000,  1000,  1000,  1000,  1000,  1000,  1000,  1000,  1000</IRPwm>
					<LS>               0,     0,     0,     0,     0,     0,     0,     0,     0,     0,     0,     0,     0,     0,     0,     0,     0,     0,     0,     0,     0,     0,     0,     0,     0,     0</LS>
					<!--               0      1      2      3      4      5      6      7      8      9      A      B      C      D      E      F     10     11     12     13     14     15     16     17     18     19-->
					<link_node0>    0x01,  0x00,  0x01,  0x02,  0x03,  0x04,  0x05,  0x06,  0x07,  0x08,  0x09,  0x0A,  0x0B,  0x0C,  0x0D,  0x0E,  0x0F,  0x10,  0x11,  0x12,  0x13,  0x14,  0x15,  0x16,  0x17,  0x18</link_node0>
					<link_node1>    0xFF,  0x02,  0x03,  0x04,  0x05,  0x06,  0x07,  0x08,  0x09,  0x0A,  0x0B,  0x0C,  0x0D,  0x0E,  0x0F,  0x10,  0x11,  0x12,  0x13,  0x14,  0x15,  0x16,  0x17,  0x18,  0x19,  0xFF</link_node1>
					<node_direction0>  1,    -1,    -1,    -1,    -1,    -1,    -1,    -1,    -1,    -1,    -1,    -1,    -1,    -1,    -1,    -1,    -1,    -1,    -1,    -1,    -1,    -1,    -1,    -1,    -1,    -1</node_direction0>
					<node_direction1>  0,     1,     1,     1,     1,     1,     1,     1,     1,     1,     1,     1,     1,     1,     1,     1,     1,     1,     1,     1,     1,     1,     1,     1,     1,     0</node_direction1>
				</Mode1>
				<Mode2><!--WDR 60Hz-->
					<NODE_COUNT>10</NODE_COUNT>
					<Aperture>         1,     1,     1,     1,     1,     1,     1,     1,     1,     1</Aperture>
					<Shutter>      16666, 16666,  8333,  8333,  4166,  4166,  4166,  4166,  4166,  4166</Shutter>
					<Gain>        102400,   100,   200,   100,   200,   100,   100,   100,   100,   100</Gain>
					<IRPwm>         1000,  1000,  1000,  1000,  1000,  1000,  1000,  1000,  1000,  1000</IRPwm>
					<LS>               0,     0,     0,     0,     0,     0,     0,     0,     0,     0</LS>
					<!--               0      1      2      3      4      5      6      7      8      9-->
					<link_node0>    0x01,  0x00,  0x01,  0x02,  0x03,  0x04,  0x05,  0x06,  0x07,  0x08</link_node0>
					<link_node1>    0xFF,  0x02,  0x03,  0x04,  0x05,  0x06,  0x07,  0x08,  0x09,  0xFF</link_node1>
					<node_direction0>  1,    -1,    -1,    -1,    -1,    -1,    -1,    -1,    -1,    -1</node_direction0>
					<node_direction1>  0,     1,     1,     1,     1,     1,     1,     1,     1,     0</node_direction1>
				</Mode2>
				<Mode3><!--WDR 50Hz-->
					<NODE_COUNT>10</NODE_COUNT>
					<Aperture>         1,     1,     1,     1,     1,     1,     1,     1,     1,     1</Aperture>
					<Shutter>      20000, 20000, 10000, 10000,  4000,  4000,  4000,  4000,  4000,  4000</Shutter>
					<Gain>        102400,   100,   200,   100,   250,   100,   100,   100,   100,   100</Gain>
					<IRPwm>         1000,  1000,  1000,  1000,  1000,  1000,  1000,  1000,  1000,  1000</IRPwm>
					<LS>               0,     0,     0,     0,     0,     0,     0,     0,     0,     0</LS>
					<!--               0      1      2      3      4      5      6      7      8      9-->
					<link_node0>    0x01,  0x00,  0x01,  0x02,  0x03,  0x04,  0x05,  0x06,  0x07,  0x08</link_node0>
					<link_node1>    0xFF,  0x02,  0x03,  0x04,  0x05,  0x06,  0x07,  0x08,  0x09,  0xFF</link_node1>
					<node_direction0>  1,    -1,    -1,    -1,    -1,    -1,    -1,    -1,    -1,    -1</node_direction0>
					<node_direction1>  0,     1,     1,     1,     1,     1,     1,     1,     1,     0</node_direction1>>
				</Mode3>
				<Mode4><!--Limit-Auto 60Hz-->
					<NODE_COUNT>26</NODE_COUNT>
					<Aperture>         1,     1,     1,     1,     1,     1,     1,     1,     1,     1,     1,     1,     1,     1,     1,     1,     1,     1,     1,     1,     1,     1,     1,     1,     1,     1</Aperture>
					<Shutter>     200000,200000, 66666, 66666, 33333, 33333, 16666, 16666,  8333,  8333,  4166,  4166,  2083,  2083,  1000,  1000,   500,   500,   250,   250,   125,   125,    62,    62,    31,    31</Shutter>
					<Gain>       1024000,   100,   300,   100,   200,   100,   200,   100,   200,   100,   200,   100,   200,   100,   208,   100,   200,   100,   200,   100,   200,   100,   200,   100,   200,   100</Gain>
					<IRPwm>         1000,  1000,  1000,  1000,  1000,  1000,  1000,  1000,  1000,  1000,  1000,  1000,  1000,  1000,  1000,  1000,  1000,  1000,  1000,  1000,  1000,  1000,  1000,  1000,  1000,  1000</IRPwm>
					<LS>               0,     0,     0,     0,     0,     0,     0,     0,     0,     0,     0,     0,     0,     0,     0,     0,     0,     0,     0,     0,     0,     0,     0,     0,     0,     0</LS>
					<!--               0      1      2      3      4      5      6      7      8      9      A      B      C      D      E      F     10     11     12     13     14     15     16     17     18     19-->
					<link_node0>    0x01,  0x00,  0x01,  0x02,  0x03,  0x04,  0x05,  0x06,  0x07,  0x08,  0x09,  0x0A,  0x0B,  0x0C,  0x0D,  0x0E,  0x0F,  0x10,  0x11,  0x12,  0x13,  0x14,  0x15,  0x16,  0x17,  0x18</link_node0>
					<link_node1>    0xFF,  0x02,  0x03,  0x04,  0x05,  0x06,  0x07,  0x08,  0x09,  0x0A,  0x0B,  0x0C,  0x0D,  0x0E,  0x0F,  0x10,  0x11,  0x12,  0x13,  0x14,  0x15,  0x16,  0x17,  0x18,  0x19,  0xFF</link_node1>
					<node_direction0>  1,    -1,    -1,    -1,    -1,    -1,    -1,    -1,    -1,    -1,    -1,    -1,    -1,    -1,    -1,    -1,    -1,    -1,    -1,    -1,    -1,    -1,    -1,    -1,    -1,    -1</node_direction0>
					<node_direction1>  0,     1,     1,     1,     1,     1,     1,     1,     1,     1,     1,     1,     1,     1,     1,     1,     1,     1,     1,     1,     1,     1,     1,     1,     1,     0</node_direction1>
				</Mode4>
				<Mode5><!--Limit-Auto 50Hz-->
					<NODE_COUNT>26</NODE_COUNT>
					<Aperture>         1,     1,     1,     1,     1,     1,     1,     1,     1,     1,     1,     1,     1,     1,     1,     1,     1,     1,     1,     1,     1,     1,     1,     1,     1,     1</Aperture>
					<Shutter>     200000,200000, 66666, 66666, 40000, 40000, 20000, 20000, 10000, 10000,  4000,  4000,  2000,  2000,  1000,  1000,   500,   500,   250,   250,   125,   125,    62,    62,    31,    31</Shutter>
					<Gain>       1024000,   100,   300,   100,   167,   100,   200,   100,   200,   100,   250,   100,   200,   100,   200,   100,   200,   100,   200,   100,   200,   100,   200,   100,   200,   100</Gain>
					<IRPwm>         1000,  1000,  1000,  1000,  1000,  1000,  1000,  1000,  1000,  1000,  1000,  1000,  1000,  1000,  1000,  1000,  1000,  1000,  1000,  1000,  1000,  1000,  1000,  1000,  1000,  1000</IRPwm>
					<LS>               0,     0,     0,     0,     0,     0,     0,     0,     0,     0,     0,     0,     0,     0,     0,     0,     0,     0,     0,     0,     0,     0,     0,     0,     0,     0</LS>
					<!--               0      1      2      3      4      5      6      7      8      9      A      B      C      D      E      F     10     11     12     13     14     15     16     17     18     19-->
					<link_node0>    0x01,  0x00,  0x01,  0x02,  0x03,  0x04,  0x05,  0x06,  0x07,  0x08,  0x09,  0x0A,  0x0B,  0x0C,  0x0D,  0x0E,  0x0F,  0x10,  0x11,  0x12,  0x13,  0x14,  0x15,  0x16,  0x17,  0x18</link_node0>
					<link_node1>    0xFF,  0x02,  0x03,  0x04,  0x05,  0x06,  0x07,  0x08,  0x09,  0x0A,  0x0B,  0x0C,  0x0D,  0x0E,  0x0F,  0x10,  0x11,  0x12,  0x13,  0x14,  0x15,  0x16,  0x17,  0x18,  0x19,  0xFF</link_node1>
					<node_direction0>  1,    -1,    -1,    -1,    -1,    -1,    -1,    -1,    -1,    -1,    -1,    -1,    -1,    -1,    -1,    -1,    -1,    -1,    -1,    -1,    -1,    -1,    -1,    -1,    -1,    -1</node_direction0>
					<node_direction1>  0,     1,     1,     1,     1,     1,     1,     1,     1,     1,     1,     1,     1,     1,     1,     1,     1,     1,     1,     1,     1,     1,     1,     1,     1,     0</node_direction1>
				</Mode5>
				<Mode6><!--Default-->
					<NODE_COUNT>26</NODE_COUNT>
					<Aperture>         1,     1,     1,     1,     1,     1,     1,     1,     1,     1,     1,     1,     1,     1,     1,     1,     1,     1,     1,     1,     1,     1,     1,     1,     1,     1</Aperture>
					<Shutter>     200000,200000, 66666, 66666, 33333, 33333, 16666, 16666,  8333,  8333,  4166,  4166,  2083,  2083,  1000,  1000,   500,   500,   250,   250,   125,   125,    62,    62,    31,    31</Shutter>
					<Gain>       1024000,   100,   300,   100,   200,   100,   200,   100,   200,   100,   200,   100,   200,   100,   208,   100,   200,   100,   200,   100,   200,   100,   200,   100,   200,   100</Gain>
					<IRPwm>         1000,  1000,  1000,  1000,  1000,  1000,  1000,  1000,  1000,  1000,  1000,  1000,  1000,  1000,  1000,  1000,  1000,  1000,  1000,  1000,  1000,  1000,  1000,  1000,  1000,  1000</IRPwm>
					<LS>               0,     0,     0,     0,     0,     0,     0,     0,     0,     0,     0,     0,     0,     0,     0,     0,     0,     0,     0,     0,     0,     0,     0,     0,     0,     0</LS>
					<!--               0      1      2      3      4      5      6      7      8      9      A      B      C      D      E      F     10     11     12     13     14     15     16     17     18     19-->
					<link_node0>    0x01,  0x00,  0x01,  0x02,  0x03,  0x04,  0x05,  0x06,  0x07,  0x08,  0x09,  0x0A,  0x0B,  0x0C,  0x0D,  0x0E,  0x0F,  0x10,  0x11,  0x12,  0x13,  0x14,  0x15,  0x16,  0x17,  0x18</link_node0>
					<link_node1>    0xFF,  0x02,  0x03,  0x04,  0x05,  0x06,  0x07,  0x08,  0x09,  0x0A,  0x0B,  0x0C,  0x0D,  0x0E,  0x0F,  0x10,  0x11,  0x12,  0x13,  0x14,  0x15,  0x16,  0x17,  0x18,  0x19,  0xFF</link_node1>
					<node_direction0>  1,    -1,    -1,    -1,    -1,    -1,    -1,    -1,    -1,    -1,    -1,    -1,    -1,    -1,    -1,    -1,    -1,    -1,    -1,    -1,    -1,    -1,    -1,    -1,    -1,    -1</node_direction0>
					<node_direction1>  0,     1,     1,     1,     1,     1,     1,     1,     1,     1,     1,     1,     1,     1,     1,     1,     1,     1,     1,     1,     1,     1,     1,     1,     1,     0</node_direction1>
				</Mode6>
			</Pcurve>
		</tuning_data>
	</image>
</root>
