<?xml version="1.0" standalone="yes"?>
<root>
    <calibration>
			<BypassEEPROM>0</BypassEEPROM>
			<EnableCalibration>27</EnableCalibration>
			<CAL_COLOR_GAIN>
				<CAL_INPUT_TYPE>1</CAL_INPUT_TYPE>
				<CAL_ZOOM_TYPE>0</CAL_ZOOM_TYPE>
				<CAL_WOI>
					<WOIStartX>11</WOIStartX>
					<WOIStartY>11</WOIStartY>
					<WOIWidth>10</WOIWidth>
					<WOIHeight>10</WOIHeight>
				</CAL_WOI>
				<ZoomPos>2520</ZoomPos>
				<ExpTime>60</ExpTime>
				<Iris>1</Iris>   
				<AGCGain>1</AGCGain>
				<Rgain>128</Rgain>  
				<Ggain>128</Ggain>  
				<Bgain>128</Bgain>  
			</CAL_COLOR_GAIN>
			<CAL_FN>
					<CAL_ZOOM_TYPE>0</CAL_ZOOM_TYPE>
					<CAL_WOI>
						<WOIStartX>11</WOIStartX>
						<WOIStartY>11</WOIStartY>
						<WOIWidth>10</WOIWidth>
						<WOIHeight>10</WOIHeight>
					</CAL_WOI>
					<ZoomPos>0</ZoomPos>
					<ExpTime>480</ExpTime> 
					<Iris>200</Iris>    
					<AGCGain>0</AGCGain>
					<InitTargetMean>900</InitTargetMean>
					<Fn_TargetTbl>1600,1800,2000,2400,2800,3400,4000,4800,5600,6800,8000,9600,11000,14000,14000</Fn_TargetTbl>
					<MaxIrisStepCnt>1023</MaxIrisStepCnt>
					<MaxIrisIndexCnt>14</MaxIrisIndexCnt>
					<MeanTH>77</MeanTH>
					<MaxGainTH>110</MaxGainTH>
			</CAL_FN>
			<CAL_EFA>
				<Parameters>
						<ScanRangeFBuf>100</ScanRangeFBuf>
						<ScanRangeZBuf>50</ScanRangeZBuf>
						<DirecSign>-1</DirecSign>    
						<ScanJumpWideRude>10</ScanJumpWideRude>     
						<ScanJumpWideFine>1</ScanJumpWideFine>
						<ScanJumpTeleRude>8</ScanJumpTeleRude>   
						<ScanJumpTeleFine>1</ScanJumpTeleFine>   
				</Parameters>
				<control_info>
						<AE_FailCntTH>200</AE_FailCntTH>   
						<Motor_FailCntTH>300</Motor_FailCntTH>
						<FVInvalidCntTH>200</FVInvalidCntTH> 
						<WideShiftTH>-20</WideShiftTH>
						<TeleShiftTH>15</TeleShiftTH>
						<NearShiftTH>-70</NearShiftTH>
						<FarShiftTH>65</FarShiftTH>
				</control_info>
			</CAL_EFA>
    </calibration>
	<hwtest>
		<SensorID>2131</SensorID>
		<MCUID>128</MCUID>
		<TemperatureHigh>60</TemperatureHigh>
		<TemperatureLow>25</TemperatureLow>
		<BackFocus>
			<WideTolerance>2</WideTolerance>
			<TeleTolerance>0</TeleTolerance>
		</BackFocus>
		<PI>
			<ZoomPos>1900</ZoomPos>
			<FocusPos>567</FocusPos>
			<PITolerance>2</PITolerance>
		</PI>
		<TiltTolerance>1</TiltTolerance>
	</hwtest>
</root>
