<?xml version="1.0" standalone="yes"?>
<root>
    <image>
        <config>
            <AE>
                <MaxGain>100</MaxGain>
                <MinGain>0</MinGain>
                <MaxShuuter>1</MaxShuuter>
                <MinShutter>32000</MinShutter>
            </AE>
            <AWB>
                <MaxRGain>100</MaxRGain>
                <MaxGGain>100</MaxGGain>
                <MaxBGain>100</MaxBGain>
            </AWB>
        </config>
        <calibration>
            <BypassEEPROM>0</BypassEEPROM>
            <EnableCalibration>11</EnableCalibration>
            <AWBInputParm>
                <Type>1</Type>
                <WOIX>0</WOIX>
                <WOIY>0</WOIY>
                <WOIW>32</WOIW>
                <WOIH>32</WOIH>                
            </AWBInputParm>
            <AWB>
                <RGain>100</RGain>
                <GGain>100</GGain>
                <BGain>100</BGain>
            </AWB>
            <EFA>
                <FOffset>0</FOffset>
                <ZOffset>0</ZOffset>
            </EFA>
        </calibration>
    </image>
</root>
