<?xml version="1.0" standalone="yes"?>
<root>
    <image>
        <calibration_data>
            <CAL_AWB>
                <RGain>400</RGain>
                <GGain>128</GGain>
                <BGain>200</BGain>
            </CAL_AWB>
            <CAL_EFA>
                <FOffset>0</FOffset>
                <ZOffset>0</ZOffset>
            </CAL_EFA>
            <CAL_FNCALI>
                <IrisCount>14</IrisCount>
                <Fnumber>50000,1600,1800,2000,2400,2800,3400,4000,4800,5600,6800,8000,9600,11000,14000</Fnumber>
                <IrisStep>1023,200,302,356,426,470,510,538,564,584,604,620,634,642,656</IrisStep>
                <CheckSum>45</CheckSum>
            </CAL_FNCALI>
             <CAL_EFA_PH2>
                <FocusOffset>0,0,0,0,0,0,0,0,0,0</FocusOffset>
                <ZoomStep>0,300,600,900,1200,1500,1800,2100,2400,2520</ZoomStep>
                <EFA_Cali_NUM>10</EFA_Cali_NUM>
            </CAL_EFA_PH2>
        </calibration_data>
    </image>
</root>
