<?xml version="1.0" encoding="ISO-8859-1"?>
<eventmgr version="0101">
	<maxprocess>1</maxprocess>
	<seamless condition="0">
		<status id="0">~trigger</status>
	</seamless>
	<seamless condition="1">
		<status id="0">~normal</status>
	</seamless>
	<event id="0">
		<description>seamless start</description>
		<condition>c0</condition>
		<priority>1</priority>
		<process>/usr/bin/seamless 1</process>
	</event>
	<event id="1">
		<description>seamless stop</description>
		<condition>c1</condition>
		<priority>1</priority>
		<process>/usr/bin/seamless 0</process>
	</event>
</eventmgr>

