<?xml version="1.0" encoding="ISO-8859-1"?>
<eventmgr version="0102">
	<maxprocess>1</maxprocess>
	<motion condition="0">
		<status id="0">trigger</status>
		<status id="1">trigger</status>
		<status id="2">trigger</status>
		<status id="3">trigger</status>
		<status id="4">trigger</status>
	</motion>
	<motion0 condition="1">
		<status id="0">trigger</status>
		<status id="1">trigger</status>
		<status id="2">trigger</status>
		<status id="3">trigger</status>
		<status id="4">trigger</status>
	</motion0>
	<di condition="2">
		<status id="0">trigger</status>
	</di>
	<vi condition="3">
		<status id="0">trigger</status>
		<status id="1">trigger</status>
		<status id="2">trigger</status>
	</vi>
	<volalarm condition="4">
		<status id="0">normal~trigger</status>
	</volalarm>
	<volalarm0 condition="5">
		<status id="0">normal~trigger</status>
	</volalarm0>
	<tampering condition="6">
		<status id="0">trigger</status>
		<status id="0">toodark</status>
		<status id="0">toobright</status>
		<status id="0">tooblurry</status>
	</tampering>
	<pir condition="7">
		<status id="0">trigger</status>
	</pir>
	<vadp condition="8">
		<status id="0">trigger</status>
		<status id="1">trigger</status>
		<status id="2">trigger</status>
		<status id="3">trigger</status>
		<status id="4">trigger</status>
		<status id="5">trigger</status>
		<status id="6">trigger</status>
		<status id="7">trigger</status>
		<status id="8">trigger</status>	
	</vadp>
	<shockalarm condition="9">
		<status id="0">trigger</status>
	</shockalarm>
	<event id="0">
		<condition>c0 or c1 or c2 or c3 or c4 or c5 or c6 or c7 or c8 or c9</condition>
		<delay>1</delay>
		<trylater>0</trylater>
		<priority>1</priority>
		<function>activeas</function>
	</event>
</eventmgr>
