<root>
	<remotefocusd>
		<zoom>
			<virtual>
				<start>0</start>
				<end>0</end>
				<onestep>0</onestep>
				<totalstep>0</totalstep>
			</virtual>					
			<motor>
				<totalstep>0</totalstep>
				<positioningstep>0</positioningstep>
			</motor>
			<onesteptime>0</onesteptime>
			<adjuststep>0</adjuststep>
		</zoom>
		<focus>
			<virtual>
				<start>0</start>
				<end>170</end>
				<onestep>4</onestep>
				<totalstep>170</totalstep>
			</virtual>					
			<motor>
				<totalstep>170</totalstep>
				<positioningstep>1000</positioningstep>
				<reversecalibration>1</reversecalibration>
			</motor>
			<onesteptime>6800</onesteptime>
			<adjuststep>0</adjuststep>
		</focus>
		<search>
			<range>
				<firstlevel>170</firstlevel>
				<secondlevel>20</secondlevel>
				<thirdlevel>10</thirdlevel>
			</range>
			<step>
				<finetune>1</finetune>
				<small>1</small>
				<large>3</large>
			</step>
		</search>
		<table>
			<focusstart>0,0,0,0,0,0,0,0,0,0,0,0,0,0,0,0</focusstart>
		</table>
		<onestepsearchtime>120000</onestepsearchtime>
		<openiristime>2000000</openiristime>
		<blockingmode>1</blockingmode>
		<finetunning>0</finetunning>
	</remotefocusd>
</root>
