<root>
	<remotefocusd>
		<zoom>
			<virtual>
				<start>210</start>
				<end>1400</end>
				<onestep>1</onestep>
				<totalstep>1400</totalstep>
			</virtual>					
			<motor>
				<totalstep>1400</totalstep>
				<positioningstep>1700</positioningstep>
			</motor>
			<onesteptime>3000</onesteptime>
			<adjuststep>9</adjuststep>
		</zoom>
		<focus>
			<virtual>
				<start>0</start>
				<end>5900</end>
				<onestep>1</onestep>
				<totalstep>5900</totalstep>
			</virtual>					
			<motor>
				<totalstep>5900</totalstep>
				<positioningstep>6300</positioningstep>
				<reversecalibration>1</reversecalibration>
			</motor>
			<onesteptime>3000</onesteptime>
			<adjuststep>25</adjuststep>
		</focus>
		<search>
			<range>
				<firstlevel>3000</firstlevel>
				<secondlevel>200</secondlevel>
				<thirdlevel>64</thirdlevel>
			</range>
			<step>
				<finetune>4</finetune>
				<small>20</small>
				<large>120</large>
			</step>
		</search>
		<table>
			<focusstart>0,0,0,0,0,0,0,0,0,0,0,0,0,0,0,0</focusstart>
		</table>
		<onestepsearchtime>200000</onestepsearchtime>
		<openiristime>2000000</openiristime>
		<blockingmode>1</blockingmode>
		<finetunning>1</finetunning>
	</remotefocusd>
</root>
