<root>
	<remotefocusd>
		<zoom>
			<virtual>
				<start>0</start>
				<end>2000</end>
				<onestep>1</onestep>
				<totalstep>2000</totalstep>
			</virtual>					
			<motor>
				<totalstep>2000</totalstep>
				<positioningstep>2200</positioningstep>
			</motor>
			<onesteptime>3000</onesteptime>
			<adjuststep>40</adjuststep>
		</zoom>
		<focus>
			<virtual>
				<start>0</start>
				<end>3100</end>
				<onestep>1</onestep>
				<totalstep>3100</totalstep>
			</virtual>					
			<motor>
				<totalstep>3100</totalstep>
				<positioningstep>3400</positioningstep>
				<reversecalibration>0</reversecalibration>
			</motor>
			<onesteptime>3000</onesteptime>
			<adjuststep>60</adjuststep>
		</focus>
		<search>
			<range>
				<firstlevel>576</firstlevel>
				<secondlevel>144</secondlevel>
				<thirdlevel>48</thirdlevel>
			</range>
			<step>
				<finetune>4</finetune>
				<small>24</small>
				<large>72</large>
			</step>
		</search>
		<table>
			<focusstart>0,0,0,0,0,0,0,0,0,0,0,0,0,0,0,0</focusstart>
		</table>
		<onestepsearchtime>200000</onestepsearchtime>
		<openiristime>2000000</openiristime>
		<blockingmode>1</blockingmode>
		<finetunning>1</finetunning>
	</remotefocusd>
</root>
