	<vadp>
		<cfgfile>/etc/conf.d/config_vadpinfo.xml</cfgfile> 
		<process>none</process>
		<seclevel>6/6</seclevel>
		<version>
			<seclevel>6/7</seclevel>
			<get>cat /etc/vadp-version</get>
			<check>"%d.%d.%d.%d","0~","0~","0~","0~"</check>
			<value/>
		</version>
		<number>
			<seclevel>6/7</seclevel>
			<get>cat /mnt/flash/etc/vadpnum.conf</get>
			<check>"%s", "0~128"</check>
			<value/>
		</number>
		<resource>
			<total>
				<seclevel>6/7</seclevel>
				<memory>
					<get>parse_vadpstorage TotalMemory</get>
					<check>"%d", "0~"</check>
					<value/>
				</memory>
				<storage>
					<get>parse_vadpstorage TotalStorage</get>
					<check>"%d", "0~"</check>
					<value/>
				</storage>
			</total>
			<free>
				<seclevel>6/7</seclevel>
				<memory>
					<get>parse_vadpstorage FreeMemory</get>
					<check>"%d", "0~"</check>
					<value/>
				</memory>
				<storage>
					<get>parse_vadpstorage FreeStorage</get>
					<check>"%d", "0~"</check>
					<value/>
				</storage>
			</free>
		</resource>
		<module>
			<number>
				<seclevel>6/7</seclevel>
				<check>"%d" "0~"</check>
				<value/>
			</number>
			<order>
				<check>"%s", "0~40"</check>
				<value/>
			</order>
			<save2sd>
				<check>"%d" "0,1"</check>
				<value/>
			</save2sd>
			<i0>
				<enable>
					<check>"%d","0~1"</check>
					<value/>
				</enable>
				<name>
					<check>"%s", "0~40"</check>
					<value/>
				</name>
				<extendedname>
					<check>"%s", "0~40"</check>
					<value/>
				</extendedname>
				<url>
					<check>"%s", "0~120"</check>
					<value/>
				</url>
				<vendor>
					<check>"%s", "0~40"</check>
					<value/>
				</vendor>
				<vendorurl>
					<check>"%s", "0~120"</check>
					<value/>
				</vendorurl>
				<version>
					<check>"%s", "0~40"</check>
					<value/>
				</version>
				<license>
					<check>"%s", "0~40"</check>
					<value/>
				</license>
				<licmsg>
					<check>"%s", "0~128"</check>
					<value/>
				</licmsg>
				<path>
					<check>"%s", "0~40"</check>
					<value/>
				</path>
				<initscr>
					<check>"%s", "0~40"</check>
					<value/>
				</initscr>
				<status>
					<check>"%s", "0~40"</check>
					<value/>
				</status>
				<statmsg>
					<check>"%s", "0~128"</check>
					<value/>
				</statmsg>
				<pidfile>
					<seclevel>7/7</seclevel>
					<check>"%s", "0~40"</check>
					<value/>
				</pidfile>
				<vvtklicensemec>
					<seclevel>6/7</seclevel>
					<check>"%s", "0~40"</check>
					<value/>
				</vvtklicensemec>
				<homepagelink>
					<seclevel>7/7</seclevel>
					<check>"%s", "0~40"</check>
					<value/>
				</homepagelink>
			</i0>
			<i1>
				<enable>
					<check>"%d","0~1"</check>
					<value/>
				</enable>
				<name>
					<check>"%s", "0~40"</check>
					<value/>
				</name>
				<extendedname>
					<check>"%s", "0~40"</check>
					<value/>
				</extendedname>
				<url>
					<check>"%s", "0~120"</check>
					<value/>
				</url>
				<vendor>
					<check>"%s", "0~40"</check>
					<value/>
				</vendor>
				<vendorurl>
					<check>"%s", "0~120"</check>
					<value/>
				</vendorurl>
				<version>
					<check>"%s", "0~40"</check>
					<value/>
				</version>
				<license>
					<check>"%s", "0~40"</check>
					<value/>
				</license>
				<licmsg>
					<check>"%s", "0~128"</check>
					<value/>
				</licmsg>
				<path>
					<check>"%s", "0~40"</check>
					<value/>
				</path>
				<initscr>
					<check>"%s", "0~40"</check>
					<value/>
				</initscr>
				<status>
					<check>"%s", "0~40"</check>
					<value/>
				</status>
				<statmsg>
					<check>"%s", "0~128"</check>
					<value/>
				</statmsg>
				<pidfile>
					<seclevel>7/7</seclevel>
					<check>"%s", "0~40"</check>
					<value/>
				</pidfile>
				<vvtklicensemec>
					<seclevel>6/7</seclevel>
					<check>"%s", "0~40"</check>
					<value/>
				</vvtklicensemec>
				<homepagelink>
					<seclevel>7/7</seclevel>
					<check>"%s", "0~40"</check>
					<value/>
				</homepagelink>
			</i1>
			<i2>
				<enable>
					<check>"%d","0~1"</check>
					<value/>
				</enable>
				<name>
					<check>"%s", "0~40"</check>
					<value/>
				</name>
				<extendedname>
					<check>"%s", "0~40"</check>
					<value/>
				</extendedname>
				<url>
					<check>"%s", "0~120"</check>
					<value/>
				</url>
				<vendor>
					<check>"%s", "0~40"</check>
					<value/>
				</vendor>
				<vendorurl>
					<check>"%s", "0~120"</check>
					<value/>
				</vendorurl>
				<version>
					<check>"%s", "0~40"</check>
					<value/>
				</version>
				<license>
					<check>"%s", "0~40"</check>
					<value/>
				</license>
				<licmsg>
					<check>"%s", "0~128"</check>
					<value/>
				</licmsg>
				<path>
					<check>"%s", "0~40"</check>
					<value/>
				</path>
				<initscr>
					<check>"%s", "0~40"</check>
					<value/>
				</initscr>
				<status>
					<check>"%s", "0~40"</check>
					<value/>
				</status>
				<statmsg>
					<check>"%s", "0~128"</check>
					<value/>
				</statmsg>
				<pidfile>
					<seclevel>7/7</seclevel>
					<check>"%s", "0~40"</check>
					<value/>
				</pidfile>
				<vvtklicensemec>
					<seclevel>6/7</seclevel>
					<check>"%s", "0~40"</check>
					<value/>
				</vvtklicensemec>
				<homepagelink>
					<seclevel>7/7</seclevel>
					<check>"%s", "0~40"</check>
					<value/>
				</homepagelink>
			</i2>
			<i3>
				<enable>
					<check>"%d","0~1"</check>
					<value/>
				</enable>
				<name>
					<check>"%s", "0~40"</check>
					<value/>
				</name>
				<extendedname>
					<check>"%s", "0~40"</check>
					<value/>
				</extendedname>
				<url>
					<check>"%s", "0~120"</check>
					<value/>
				</url>
				<vendor>
					<check>"%s", "0~40"</check>
					<value/>
				</vendor>
				<vendorurl>
					<check>"%s", "0~120"</check>
					<value/>
				</vendorurl>
				<version>
					<check>"%s", "0~40"</check>
					<value/>
				</version>
				<license>
					<check>"%s", "0~40"</check>
					<value/>
				</license>
				<licmsg>
					<check>"%s", "0~128"</check>
					<value/>
				</licmsg>
				<path>
					<check>"%s", "0~40"</check>
					<value/>
				</path>
				<initscr>
					<check>"%s", "0~40"</check>
					<value/>
				</initscr>
				<status>
					<check>"%s", "0~40"</check>
					<value/>
				</status>
				<statmsg>
					<check>"%s", "0~128"</check>
					<value/>
				</statmsg>
				<pidfile>
					<seclevel>7/7</seclevel>
					<check>"%s", "0~40"</check>
					<value/>
				</pidfile>
				<vvtklicensemec>
					<seclevel>6/7</seclevel>
					<check>"%s", "0~40"</check>
					<value/>
				</vvtklicensemec>
				<homepagelink>
					<seclevel>7/7</seclevel>
					<check>"%s", "0~40"</check>
					<value/>
				</homepagelink>
			</i3>
			<i4>
				<enable>
					<check>"%d","0~1"</check>
					<value/>
				</enable>
				<name>
					<check>"%s", "0~40"</check>
					<value/>
				</name>
				<extendedname>
					<check>"%s", "0~40"</check>
					<value/>
				</extendedname>
				<url>
					<check>"%s", "0~120"</check>
					<value/>
				</url>
				<vendor>
					<check>"%s", "0~40"</check>
					<value/>
				</vendor>
				<vendorurl>
					<check>"%s", "0~120"</check>
					<value/>
				</vendorurl>
				<version>
					<check>"%s", "0~40"</check>
					<value/>
				</version>
				<license>
					<check>"%s", "0~40"</check>
					<value/>
				</license>
				<licmsg>
					<check>"%s", "0~128"</check>
					<value/>
				</licmsg>
				<path>
					<check>"%s", "0~40"</check>
					<value/>
				</path>
				<initscr>
					<check>"%s", "0~40"</check>
					<value/>
				</initscr>
				<status>
					<check>"%s", "0~40"</check>
					<value/>
				</status>
				<statmsg>
					<check>"%s", "0~128"</check>
					<value/>
				</statmsg>
				<pidfile>
					<seclevel>7/7</seclevel>
					<check>"%s", "0~40"</check>
					<value/>
				</pidfile>
				<vvtklicensemec>
					<seclevel>6/7</seclevel>
					<check>"%s", "0~40"</check>
					<value/>
				</vvtklicensemec>
				<homepagelink>
					<seclevel>7/7</seclevel>
					<check>"%s", "0~40"</check>
					<value/>
				</homepagelink>
			</i4>
			<i5>
				<enable>
					<check>"%d","0~1"</check>
					<value/>
				</enable>
				<name>
					<check>"%s", "0~40"</check>
					<value/>
				</name>
				<extendedname>
					<check>"%s", "0~40"</check>
					<value/>
				</extendedname>
				<url>
					<check>"%s", "0~120"</check>
					<value/>
				</url>
				<vendor>
					<check>"%s", "0~40"</check>
					<value/>
				</vendor>
				<vendorurl>
					<check>"%s", "0~120"</check>
					<value/>
				</vendorurl>
				<version>
					<check>"%s", "0~40"</check>
					<value/>
				</version>
				<license>
					<check>"%s", "0~40"</check>
					<value/>
				</license>
				<licmsg>
					<check>"%s", "0~128"</check>
					<value/>
				</licmsg>
				<path>
					<check>"%s", "0~40"</check>
					<value/>
				</path>
				<initscr>
					<check>"%s", "0~40"</check>
					<value/>
				</initscr>
				<status>
					<check>"%s", "0~40"</check>
					<value/>
				</status>
				<statmsg>
					<check>"%s", "0~128"</check>
					<value/>
				</statmsg>
				<pidfile>
					<seclevel>7/7</seclevel>
					<check>"%s", "0~40"</check>
					<value/>
				</pidfile>
				<vvtklicensemec>
					<seclevel>6/7</seclevel>
					<check>"%s", "0~40"</check>
					<value/>
				</vvtklicensemec>
				<homepagelink>
					<seclevel>7/7</seclevel>
					<check>"%s", "0~40"</check>
					<value/>
				</homepagelink>
			</i5>
			<i6>
				<enable>
					<check>"%d","0~1"</check>
					<value/>
				</enable>
				<name>
					<check>"%s", "0~40"</check>
					<value/>
				</name>
				<extendedname>
					<check>"%s", "0~40"</check>
					<value/>
				</extendedname>
				<url>
					<check>"%s", "0~120"</check>
					<value/>
				</url>
				<vendor>
					<check>"%s", "0~40"</check>
					<value/>
				</vendor>
				<vendorurl>
					<check>"%s", "0~120"</check>
					<value/>
				</vendorurl>
				<version>
					<check>"%s", "0~40"</check>
					<value/>
				</version>
				<license>
					<check>"%s", "0~40"</check>
					<value/>
				</license>
				<licmsg>
					<check>"%s", "0~128"</check>
					<value/>
				</licmsg>
				<path>
					<check>"%s", "0~40"</check>
					<value/>
				</path>
				<initscr>
					<check>"%s", "0~40"</check>
					<value/>
				</initscr>
				<status>
					<check>"%s", "0~40"</check>
					<value/>
				</status>
				<statmsg>
					<check>"%s", "0~128"</check>
					<value/>
				</statmsg>
				<pidfile>
					<seclevel>7/7</seclevel>
					<check>"%s", "0~40"</check>
					<value/>
				</pidfile>
				<vvtklicensemec>
					<seclevel>6/7</seclevel>
					<check>"%s", "0~40"</check>
					<value/>
				</vvtklicensemec>
				<homepagelink>
					<seclevel>7/7</seclevel>
					<check>"%s", "0~40"</check>
					<value/>
				</homepagelink>
			</i6>
			<i7>
				<enable>
					<check>"%d","0~1"</check>
					<value/>
				</enable>
				<name>
					<check>"%s", "0~40"</check>
					<value/>
				</name>
				<extendedname>
					<check>"%s", "0~40"</check>
					<value/>
				</extendedname>
				<url>
					<check>"%s", "0~120"</check>
					<value/>
				</url>
				<vendor>
					<check>"%s", "0~40"</check>
					<value/>
				</vendor>
				<vendorurl>
					<check>"%s", "0~120"</check>
					<value/>
				</vendorurl>
				<version>
					<check>"%s", "0~40"</check>
					<value/>
				</version>
				<license>
					<check>"%s", "0~40"</check>
					<value/>
				</license>
				<licmsg>
					<check>"%s", "0~128"</check>
					<value/>
				</licmsg>
				<path>
					<check>"%s", "0~40"</check>
					<value/>
				</path>
				<initscr>
					<check>"%s", "0~40"</check>
					<value/>
				</initscr>
				<status>
					<check>"%s", "0~40"</check>
					<value/>
				</status>
				<statmsg>
					<check>"%s", "0~128"</check>
					<value/>
				</statmsg>
				<pidfile>
					<seclevel>7/7</seclevel>
					<check>"%s", "0~40"</check>
					<value/>
				</pidfile>
				<vvtklicensemec>
					<seclevel>6/7</seclevel>
					<check>"%s", "0~40"</check>
					<value/>
				</vvtklicensemec>
				<homepagelink>
					<seclevel>7/7</seclevel>
					<check>"%s", "0~40"</check>
					<value/>
				</homepagelink>
			</i7>
			<i8>
				<enable>
					<check>"%d","0~1"</check>
					<value/>
				</enable>
				<name>
					<check>"%s", "0~40"</check>
					<value/>
				</name>
				<extendedname>
					<check>"%s", "0~40"</check>
					<value/>
				</extendedname>
				<url>
					<check>"%s", "0~120"</check>
					<value/>
				</url>
				<vendor>
					<check>"%s", "0~40"</check>
					<value/>
				</vendor>
				<vendorurl>
					<check>"%s", "0~120"</check>
					<value/>
				</vendorurl>
				<version>
					<check>"%s", "0~40"</check>
					<value/>
				</version>
				<license>
					<check>"%s", "0~40"</check>
					<value/>
				</license>
				<licmsg>
					<check>"%s", "0~128"</check>
					<value/>
				</licmsg>
				<path>
					<check>"%s", "0~40"</check>
					<value/>
				</path>
				<initscr>
					<check>"%s", "0~40"</check>
					<value/>
				</initscr>
				<status>
					<check>"%s", "0~40"</check>
					<value/>
				</status>
				<statmsg>
					<check>"%s", "0~128"</check>
					<value/>
				</statmsg>
				<pidfile>
					<seclevel>7/7</seclevel>
					<check>"%s", "0~40"</check>
					<value/>
				</pidfile>
				<vvtklicensemec>
					<seclevel>6/7</seclevel>
					<check>"%s", "0~40"</check>
					<value/>
				</vvtklicensemec>
				<homepagelink>
					<seclevel>7/7</seclevel>
					<check>"%s", "0~40"</check>
					<value/>
				</homepagelink>
			</i8>
			<i9>
				<enable>
					<check>"%d","0~1"</check>
					<value/>
				</enable>
				<name>
					<check>"%s", "0~40"</check>
					<value/>
				</name>
				<extendedname>
					<check>"%s", "0~40"</check>
					<value/>
				</extendedname>
				<url>
					<check>"%s", "0~120"</check>
					<value/>
				</url>
				<vendor>
					<check>"%s", "0~40"</check>
					<value/>
				</vendor>
				<vendorurl>
					<check>"%s", "0~120"</check>
					<value/>
				</vendorurl>
				<version>
					<check>"%s", "0~40"</check>
					<value/>
				</version>
				<license>
					<check>"%s", "0~40"</check>
					<value/>
				</license>
				<licmsg>
					<check>"%s", "0~128"</check>
					<value/>
				</licmsg>
				<path>
					<check>"%s", "0~40"</check>
					<value/>
				</path>
				<initscr>
					<check>"%s", "0~40"</check>
					<value/>
				</initscr>
				<status>
					<check>"%s", "0~40"</check>
					<value/>
				</status>
				<statmsg>
					<check>"%s", "0~128"</check>
					<value/>
				</statmsg>
				<pidfile>
					<seclevel>7/7</seclevel>
					<check>"%s", "0~40"</check>
					<value/>
				</pidfile>
				<vvtklicensemec>
					<seclevel>6/7</seclevel>
					<check>"%s", "0~40"</check>
					<value/>
				</vvtklicensemec>
				<homepagelink>
					<seclevel>7/7</seclevel>
					<check>"%s", "0~40"</check>
					<value/>
				</homepagelink>
			</i9>
		</module>
		<event>
			<cfgfile>/etc/conf.d/config_vadptrigger.xml</cfgfile>
			<ntrigger>
				<seclevel>6/7</seclevel>
				<value/>
			</ntrigger>
			<triggerlist>
				<seclevel>6/6</seclevel>
				<sig>10</sig>
				<pidfile>/var/run/onvifactiond.pid</pidfile>
				<i0>
					<topic>
						<check>"%s", "0~256"</check>
						<value/>
					</topic>
				</i0>
				<i1>
					<topic>
						<check>"%s", "0~256"</check>
						<value/>
					</topic>
				</i1>
				<i2>
				<topic>
					<check>"%s", "0~256"</check>
					<value/>
				</topic>
				</i2>
				<i3>
					<topic>
						<check>"%s", "0~256"</check>
						<value/>
					</topic>
				</i3>
				<i4>
					<topic>
						<check>"%s", "0~256"</check>
						<value/>
					</topic>
				</i4>
				<i5>
					<topic>
						<check>"%s", "0~256"</check>
						<value/>
					</topic>
				</i5>
				<i6>
					<topic>
						<check>"%s", "0~256"</check>
						<value/>
					</topic>
				</i6>
				<i7>
					<topic>
						<check>"%s", "0~256"</check>
						<value/>
					</topic>
				</i7>
			</triggerlist>
		</event>
		<schedule>
			<cfgfile>/etc/conf.d/config_vadpschedule.xml</cfgfile>
			<process>/usr/bin/taskgen -v;/etc/init.d/eventmgr reload</process>
			<seclevel>6/6</seclevel>
			<i0>
				<enable>
					<check>"%d","0,1"</check>
					<value/>
				</enable>
				<begintime>
					<check>"%d:%d","0~24","0~59"</check>
					<value/>
				</begintime>
				<endtime>
					<check>"%d:%d","0~24","0~59"</check>
					<value/>
				</endtime>
			</i0>
			<i1>
				<enable>
					<check>"%d","0,1"</check>
					<value/>
				</enable>
				<begintime>
					<check>"%d:%d","0~24","0~59"</check>
					<value/>
				</begintime>
				<endtime>
					<check>"%d:%d","0~24","0~59"</check>
					<value/>
				</endtime>
			</i1>
			<i2>
				<enable>
					<check>"%d","0,1"</check>
					<value/>
				</enable>
				<begintime>
					<check>"%d:%d","0~24","0~59"</check>
					<value/>
				</begintime>
				<endtime>
					<check>"%d:%d","0~24","0~59"</check>
					<value/>
				</endtime>
			</i2>
			<i3>
				<enable>
					<check>"%d","0,1"</check>
					<value/>
				</enable>
				<begintime>
					<check>"%d:%d","0~24","0~59"</check>
					<value/>
				</begintime>
				<endtime>
					<check>"%d:%d","0~24","0~59"</check>
					<value/>
				</endtime>
			</i3>
			<i4>
				<enable>
					<check>"%d","0,1"</check>
					<value/>
				</enable>
				<begintime>
					<check>"%d:%d","0~24","0~59"</check>
					<value/>
				</begintime>
				<endtime>
					<check>"%d:%d","0~24","0~59"</check>
					<value/>
				</endtime>
			</i4>
			<i5>
				<enable>
					<check>"%d","0,1"</check>
					<value/>
				</enable>
				<begintime>
					<check>"%d:%d","0~24","0~59"</check>
					<value/>
				</begintime>
				<endtime>
					<check>"%d:%d","0~24","0~59"</check>
					<value/>
				</endtime>
			</i5>
			<i6>
				<enable>
					<check>"%d","0,1"</check>
					<value/>
				</enable>
				<begintime>
					<check>"%d:%d","0~24","0~59"</check>
					<value/>
				</begintime>
				<endtime>
					<check>"%d:%d","0~24","0~59"</check>
					<value/>
				</endtime>
			</i6>
			<i7>
				<enable>
					<check>"%d","0,1"</check>
					<value/>
				</enable>
				<begintime>
					<check>"%d:%d","0~24","0~59"</check>
					<value/>
				</begintime>
				<endtime>
					<check>"%d:%d","0~24","0~59"</check>
					<value/>
				</endtime>
			</i7>
			<i8>
				<enable>
					<check>"%d","0,1"</check>
					<value/>
				</enable>
				<begintime>
					<check>"%d:%d","0~24","0~59"</check>
					<value/>
				</begintime>
				<endtime>
					<check>"%d:%d","0~24","0~59"</check>
					<value/>
				</endtime>
			</i8>
			<i9>
				<enable>
					<check>"%d","0,1"</check>
					<value/>
				</enable>
				<begintime>
					<check>"%d:%d","0~24","0~59"</check>
					<value/>
				</begintime>
				<endtime>
					<check>"%d:%d","0~24","0~59"</check>
					<value/>
				</endtime>
			</i9>
		</schedule>		
	</vadp>
