	<motion>
		<msgkey>923468032:1</msgkey>
		<seclevel>4/4</seclevel>
		<sig>10</sig>
		<pidfile>/var/run/venc.pid</pidfile>
		<c0>
			<cfgfile>/etc/conf.d/config_motion_c0.xml</cfgfile>
			<enable>
				<check>"%d","0~1"</check>
				<value/>
			</enable>
			<algorithm>
				<seclevel>7/6</seclevel>
				<check>"%e","advmotion,motion,motion2"</check>
				<value/>
			</algorithm>
			<objtrack>
				<percentage>
					<seclevel>7/6</seclevel>
					<check>"%d","0~10000"</check>
					<value/>
				</percentage>
				<sensitivity>
					<seclevel>7/6</seclevel>
					<check>"%d","0~10000"</check>
					<value/>
				</sensitivity>
			</objtrack>
			<win>
				<triggerframe>
					<seclevel>7/6</seclevel>
					<check>"%d","1~100"</check>
					<value/>
				</triggerframe>
				<sensitivity>
					<check>"%d","0~100"</check>
					<value/>
				</sensitivity>
				<i0>
					<enable>
						<check>"%d","0~1"</check>
						<value/>
					</enable>
					<name>
						<check>"%s", "0~14"</check>
						<value/>
					</name>
					<polygon>
						<process>/usr/bin/update_motionsetting normal polygon 0</process>
						<check>"%d,%d,%d,%d,%d,%d,%d,%d","0~320","0~240","0~320","0~240","0~320","0~240","0~320","0~240"</check>
						<value/>
 					</polygon>
					<polygonstd>
						<check>"%d,%d,%d,%d,%d,%d,%d,%d","0~9999","0~9999","0~9999","0~9999","0~9999","0~9999","0~9999","0~9999"</check>
						<value/>
 					</polygonstd>
					<left>
						<process>/usr/bin/update_motionsetting normal rect 0</process>
						<check>"%d","0~320"</check>
						<value/>
					</left>
					<top>
						<process>/usr/bin/update_motionsetting normal rect 0</process>
						<check>"%d","0~240"</check>
						<value/>
					</top>
					<width>
						<process>/usr/bin/update_motionsetting normal rect 0</process>
						<check>"%d","0~320"</check>
						<value/>
					</width>
					<height>
						<process>/usr/bin/update_motionsetting normal rect 0</process>
						<check>"%d","0~240"</check>
						<value/>
					</height>
					<objsize>
						<check>"%d","1~100"</check>
						<value/>
					</objsize>
					<sensitivity>
						<aliasxpath>motion_c0_win_sensitivity</aliasxpath>
					</sensitivity>
				</i0>
				<i1>
					<enable>
						<check>"%d","0~1"</check>
						<value/>
					</enable>
					<name>
						<check>"%s", "0~14"</check>
						<value/>
					</name>
					<polygon>
						<process>/usr/bin/update_motionsetting normal polygon 1</process>
						<check>"%d,%d,%d,%d,%d,%d,%d,%d","0~320","0~240","0~320","0~240","0~320","0~240","0~320","0~240"</check>
						<value/>
 					</polygon>
					<polygonstd>
						<check>"%d,%d,%d,%d,%d,%d,%d,%d","0~9999","0~9999","0~9999","0~9999","0~9999","0~9999","0~9999","0~9999"</check>
						<value/>
 					</polygonstd>
					<left>
						<process>/usr/bin/update_motionsetting normal rect 1</process>
						<check>"%d","0~320"</check>
						<value/>
					</left>
					<top>
						<process>/usr/bin/update_motionsetting normal rect 1</process>
						<check>"%d","0~240"</check>
						<value/>
					</top>
					<width>
						<process>/usr/bin/update_motionsetting normal rect 1</process>
						<check>"%d","0~320"</check>
						<value/>
					</width>
					<height>
						<process>/usr/bin/update_motionsetting normal rect 1</process>
						<check>"%d","0~240"</check>
						<value/>
					</height>
					<objsize>
						<check>"%d","1~100"</check>
						<value/>
					</objsize>
					<sensitivity>
						<aliasxpath>motion_c0_win_sensitivity</aliasxpath>
					</sensitivity>
				</i1>
				<i2>
					<enable>
						<check>"%d","0~1"</check>
						<value/>
					</enable>
					<name>
						<check>"%s", "0~14"</check>
						<value/>
					</name>
					<polygon>
						<process>/usr/bin/update_motionsetting normal polygon 2</process>
						<check>"%d,%d,%d,%d,%d,%d,%d,%d","0~320","0~240","0~320","0~240","0~320","0~240","0~320","0~240"</check>
						<value/>
 					</polygon>
					<polygonstd>
						<check>"%d,%d,%d,%d,%d,%d,%d,%d","0~9999","0~9999","0~9999","0~9999","0~9999","0~9999","0~9999","0~9999"</check>
						<value/>
 					</polygonstd>
					<left>
						<process>/usr/bin/update_motionsetting normal rect 2</process>
						<check>"%d","0~320"</check>
						<value/>
					</left>
					<top>
						<process>/usr/bin/update_motionsetting normal rect 2</process>
						<check>"%d","0~240"</check>
						<value/>
					</top>
					<width>
						<process>/usr/bin/update_motionsetting normal rect 2</process>
						<check>"%d","0~320"</check>
						<value/>
					</width>
					<height>
						<process>/usr/bin/update_motionsetting normal rect 2</process>
						<check>"%d","0~240"</check>
						<value/>
					</height>
					<objsize>
						<check>"%d","1~100"</check>
						<value/>
					</objsize>
					<sensitivity>
						<aliasxpath>motion_c0_win_sensitivity</aliasxpath>
					</sensitivity>
				</i2>
				<i3>
					<enable>
						<check>"%d","0~1"</check>
						<value/>
					</enable>
					<name>
						<check>"%s", "0~14"</check>
						<value/>
					</name>
					<polygon>
						<process>/usr/bin/update_motionsetting normal polygon 3</process>
						<check>"%d,%d,%d,%d,%d,%d,%d,%d","0~320","0~240","0~320","0~240","0~320","0~240","0~320","0~240"</check>
						<value/>
 					</polygon>
					<polygonstd>
						<check>"%d,%d,%d,%d,%d,%d,%d,%d","0~9999","0~9999","0~9999","0~9999","0~9999","0~9999","0~9999","0~9999"</check>
						<value/>
 					</polygonstd>
					<left>
						<process>/usr/bin/update_motionsetting normal rect 3</process>
						<check>"%d","0~320"</check>
						<value/>
					</left>
					<top>
						<process>/usr/bin/update_motionsetting normal rect 3</process>
						<check>"%d","0~240"</check>
						<value/>
					</top>
					<width>
						<process>/usr/bin/update_motionsetting normal rect 3</process>
						<check>"%d","0~320"</check>
						<value/>
					</width>
					<height>
						<process>/usr/bin/update_motionsetting normal rect 3</process>
						<check>"%d","0~240"</check>
						<value/>
					</height>
					<objsize>
						<check>"%d","1~100"</check>
						<value/>
					</objsize>
					<sensitivity>
						<aliasxpath>motion_c0_win_sensitivity</aliasxpath>
					</sensitivity>
				</i3>
				<i4>
					<enable>
						<check>"%d","0~1"</check>
						<value/>
					</enable>
					<name>
						<check>"%s", "0~14"</check>
						<value/>
					</name>
					<polygon>
						<process>/usr/bin/update_motionsetting normal polygon 4</process>
						<check>"%d,%d,%d,%d,%d,%d,%d,%d","0~320","0~240","0~320","0~240","0~320","0~240","0~320","0~240"</check>
						<value/>
 					</polygon>
					<polygonstd>
						<check>"%d,%d,%d,%d,%d,%d,%d,%d","0~9999","0~9999","0~9999","0~9999","0~9999","0~9999","0~9999","0~9999"</check>
						<value/>
 					</polygonstd>
					<left>
						<process>/usr/bin/update_motionsetting normal rect 4</process>
						<check>"%d","0~320"</check>
						<value/>
					</left>
					<top>
						<process>/usr/bin/update_motionsetting normal rect 4</process>
						<check>"%d","0~240"</check>
						<value/>
					</top>
					<width>
						<process>/usr/bin/update_motionsetting normal rect 4</process>
						<check>"%d","0~320"</check>
						<value/>
					</width>
					<height>
						<process>/usr/bin/update_motionsetting normal rect 4</process>
						<check>"%d","0~240"</check>
						<value/>
					</height>
					<objsize>
						<check>"%d","1~100"</check>
						<value/>
					</objsize>
					<sensitivity>
						<aliasxpath>motion_c0_win_sensitivity</aliasxpath>
					</sensitivity>
				</i4>
			</win>
			<profile>
				<process>/usr/bin/taskgen -p /etc/conf.d/config_motion_c0.xml -o motion_profiletask.xml;/etc/init.d/eventmgr reload</process>
				<i0>
					<enable>
						<check>"%d","0~1"</check>
						<value/>
					</enable>
					<policy>
						<check>"%e","night,schedule"</check>
						<value/>
					</policy>
					<begintime>
						<check>"%d:%d","0~24","0~59"</check>
						<value/>
					</begintime>
					<endtime>
						<check>"%d:%d","0~24","0~59"</check>
						<value/>
					</endtime>
					<win>
						<triggerframe>
							<seclevel>7/6</seclevel>
							<check>"%d","1~100"</check>
							<value/>
						</triggerframe>
						<sensitivity>
							<check>"%d","0~100"</check>
							<value/>
						</sensitivity>
						<i0>
							<enable>
								<check>"%d","0~1"</check>
								<value/>
							</enable>
							<name>
								<check>"%s", "0~14"</check>
								<value/>
							</name>
							<polygon>
								<process>/usr/bin/update_motionsetting profile polygon 0</process>
								<check>"%d,%d,%d,%d,%d,%d,%d,%d","0~320","0~240","0~320","0~240","0~320","0~240","0~320","0~240"</check>
								<value/>
							</polygon>
							<polygonstd>
								<check>"%d,%d,%d,%d,%d,%d,%d,%d","0~9999","0~9999","0~9999","0~9999","0~9999","0~9999","0~9999","0~9999"</check>
								<value/>
							</polygonstd>
							<left>
								<process>/usr/bin/update_motionsetting profile rect 0</process>
								<check>"%d","0~320"</check>
								<value/>
							</left>
							<top>
								<process>/usr/bin/update_motionsetting profile rect 0</process>
								<check>"%d","0~240"</check>
								<value/>
							</top>
							<width>
								<process>/usr/bin/update_motionsetting profile rect 0</process>
								<check>"%d","0~320"</check>
								<value/>
							</width>
							<height>
								<process>/usr/bin/update_motionsetting profile rect 0</process>
								<check>"%d","0~240"</check>
								<value/>
							</height>
							<objsize>
								<check>"%d","1~100"</check>
								<value/>
							</objsize>
							<sensitivity>
								<aliasxpath>motion_c0_profile_i0_win_sensitivity</aliasxpath>
							</sensitivity>
						</i0>
						<i1>
							<enable>
								<check>"%d","0~1"</check>
								<value/>
							</enable>
							<name>
								<check>"%s", "0~14"</check>
								<value/>
							</name>
							<polygon>
								<process>/usr/bin/update_motionsetting profile polygon 1</process>
								<check>"%d,%d,%d,%d,%d,%d,%d,%d","0~320","0~240","0~320","0~240","0~320","0~240","0~320","0~240"</check>
								<value/>
							</polygon>
							<polygonstd>
								<check>"%d,%d,%d,%d,%d,%d,%d,%d","0~9999","0~9999","0~9999","0~9999","0~9999","0~9999","0~9999","0~9999"</check>
								<value/>
							</polygonstd>
							<left>
								<process>/usr/bin/update_motionsetting profile rect 1</process>
								<check>"%d","0~320"</check>
								<value/>
							</left>
							<top>
								<process>/usr/bin/update_motionsetting profile rect 1</process>
								<check>"%d","0~240"</check>
								<value/>
							</top>
							<width>
								<process>/usr/bin/update_motionsetting profile rect 1</process>
								<check>"%d","0~320"</check>
								<value/>
							</width>
							<height>
								<process>/usr/bin/update_motionsetting profile rect 1</process>
								<check>"%d","0~240"</check>
								<value/>
							</height>
							<objsize>
								<check>"%d","1~100"</check>
								<value/>
							</objsize>
							<sensitivity>
								<aliasxpath>motion_c0_profile_i0_win_sensitivity</aliasxpath>
							</sensitivity>
						</i1>
						<i2>
							<enable>
								<check>"%d","0~1"</check>
								<value/>
							</enable>
							<name>
								<check>"%s", "0~14"</check>
								<value/>
							</name>
							<polygon>
								<process>/usr/bin/update_motionsetting profile polygon 2</process>
								<check>"%d,%d,%d,%d,%d,%d,%d,%d","0~320","0~240","0~320","0~240","0~320","0~240","0~320","0~240"</check>
								<value/>
							</polygon>
							<polygonstd>
								<check>"%d,%d,%d,%d,%d,%d,%d,%d","0~9999","0~9999","0~9999","0~9999","0~9999","0~9999","0~9999","0~9999"</check>
								<value/>
							</polygonstd>
							<left>
								<process>/usr/bin/update_motionsetting profile rect 2</process>
								<check>"%d","0~320"</check>
								<value/>
							</left>
							<top>
								<process>/usr/bin/update_motionsetting profile rect 2</process>
								<check>"%d","0~240"</check>
								<value/>
							</top>
							<width>
								<process>/usr/bin/update_motionsetting profile rect 2</process>
								<check>"%d","0~320"</check>
								<value/>
							</width>
							<height>
								<process>/usr/bin/update_motionsetting profile rect 2</process>
								<check>"%d","0~240"</check>
								<value/>
							</height>
							<objsize>
								<check>"%d","1~100"</check>
								<value/>
							</objsize>
							<sensitivity>
								<aliasxpath>motion_c0_profile_i0_win_sensitivity</aliasxpath>
							</sensitivity>
						</i2>
						<i3>
							<enable>
								<check>"%d","0~1"</check>
								<value/>
							</enable>
							<name>
								<check>"%s", "0~14"</check>
								<value/>
							</name>
							<polygon>
								<process>/usr/bin/update_motionsetting profile polygon 3</process>
								<check>"%d,%d,%d,%d,%d,%d,%d,%d","0~320","0~240","0~320","0~240","0~320","0~240","0~320","0~240"</check>
								<value/>
							</polygon>
							<polygonstd>
								<check>"%d,%d,%d,%d,%d,%d,%d,%d","0~9999","0~9999","0~9999","0~9999","0~9999","0~9999","0~9999","0~9999"</check>
								<value/>
							</polygonstd>
							<left>
								<process>/usr/bin/update_motionsetting profile rect 3</process>
								<check>"%d","0~320"</check>
								<value/>
							</left>
							<top>
								<process>/usr/bin/update_motionsetting profile rect 3</process>
								<check>"%d","0~240"</check>
								<value/>
							</top>
							<width>
								<process>/usr/bin/update_motionsetting profile rect 3</process>
								<check>"%d","0~320"</check>
								<value/>
							</width>
							<height>
								<process>/usr/bin/update_motionsetting profile rect 3</process>
								<check>"%d","0~240"</check>
								<value/>
							</height>
							<objsize>
								<check>"%d","1~100"</check>
								<value/>
							</objsize>
							<sensitivity>
								<aliasxpath>motion_c0_profile_i0_win_sensitivity</aliasxpath>
							</sensitivity>
						</i3>
						<i4>
							<enable>
								<check>"%d","0~1"</check>
								<value/>
							</enable>
							<name>
								<check>"%s", "0~14"</check>
								<value/>
							</name>
							<polygon>
								<process>/usr/bin/update_motionsetting profile polygon 4</process>
								<check>"%d,%d,%d,%d,%d,%d,%d,%d","0~320","0~240","0~320","0~240","0~320","0~240","0~320","0~240"</check>
								<value/>
							</polygon>
							<polygonstd>
								<check>"%d,%d,%d,%d,%d,%d,%d,%d","0~9999","0~9999","0~9999","0~9999","0~9999","0~9999","0~9999","0~9999"</check>
								<value/>
							</polygonstd>
							<left>
								<process>/usr/bin/update_motionsetting profile rect 4</process>
								<check>"%d","0~320"</check>
								<value/>
							</left>
							<top>
								<process>/usr/bin/update_motionsetting profile rect 4</process>
								<check>"%d","0~240"</check>
								<value/>
							</top>
							<width>
								<process>/usr/bin/update_motionsetting profile rect 4</process>
								<check>"%d","0~320"</check>
								<value/>
							</width>
							<height>
								<process>/usr/bin/update_motionsetting profile rect 4</process>
								<check>"%d","0~240"</check>
								<value/>
							</height>
							<objsize>
								<check>"%d","1~100"</check>
								<value/>
							</objsize>
							<sensitivity>
								<aliasxpath>motion_c0_profile_i0_win_sensitivity</aliasxpath>
							</sensitivity>
						</i4>
					</win>
				</i0>
			</profile>
		</c0>
	</motion>
