<ptzcontrol>
	<ptznode>
		<i0>
			<nodetype>local-dwp</nodetype>
			<procsocket>/tmp/fldwpCtrl</procsocket>
			<channel>1</channel>
			<stream>1</stream>
			<name>local-dwp</name>
			<supportedspaces>
				<absolute>
					<pantilt>
						<i0>
							<uri>http://www.onvif.org/ver10/tptz/PanTiltSpaces/PositionGenericSpace</uri>
							<xrange>
								<min>-1.0</min>
								<max>1.0</max>
							</xrange>
							<yrange>
								<min>-1.0</min>
								<max>1.0</max>
							</yrange>
						</i0>
					</pantilt>
					<zoom>
						<i0>
							<uri>http://www.onvif.org/ver10/tptz/ZoomSpaces/PositionGenericSpace</uri>
							<xrange>
								<min>-1.0</min>
								<max>1.0</max>
							</xrange>
						</i0>
					</zoom>
				</absolute>
				<relative>
					<pantilt>
						<i0>
							<uri>http://www.onvif.org/ver10/tptz/PanTiltSpaces/TranslationGenericSpace</uri>
							<xrange>
								<min>-1.0</min>
								<max>1.0</max>
							</xrange>
							<yrange>
								<min>-1.0</min>
								<max>1.0</max>
							</yrange>
						</i0>
					</pantilt>
					<zoom>
						<i0>
							<uri>http://www.onvif.org/ver10/tptz/ZoomSpaces/TranslationGenericSpace</uri>
							<xrange>
								<min>-1.0</min>
								<max>1.0</max>
							</xrange>
						</i0>
					</zoom>
				</relative>
				<continuous>
					<pantilt>
						<i0>
							<uri>http://www.onvif.org/ver10/tptz/PanTiltSpaces/VelocityGenericSpace</uri>
							<xrange>
								<min></min>
								<max></max>
							</xrange>
							<yrange>
								<min></min>
								<max></max>
							</yrange>
						</i0>
					</pantilt>
					<zoom>
						<i0>
							<uri>http://www.onvif.org/ver10/tptz/ZoomSpaces/VelocityGenericSpace</uri>
							<xrange>
								<min></min>
								<max></max>
							</xrange>
						</i0>
					</zoom>
				</continuous>
				<speed>
					<pantilt>
						<i0>
							<uri>http://www.onvif.org/ver10/tptz/PanTiltSpaces/GenericSpeedSpace</uri>
							<xrange>
								<min>0.0</min>
								<max>1.0</max>
							</xrange>
						</i0>
					</pantilt>
					<zoom>
						<i0>
							<uri>http://www.onvif.org/ver10/tptz/ZoomSpaces/ZoomGenericSpeedSpace</uri>
							<xrange>
								<min>0.0</min>
								<max>1.0</max>
							</xrange>
						</i0>
					</zoom>
				</speed>
			</supportedspaces>
			<moverange>
					<absolute>
						<xmin>0</xmin>
						<xmax>1920</xmax>
						<ymin>0</ymin>
						<ymax>1920</ymax>
						<zmin></zmin>
						<zmax></zmax>
					</absolute>
					<relative>
						<xmin></xmin>
						<xmax></xmax>
						<ymin></ymin>
						<ymax></ymax>
						<zmin></zmin>
						<zmax></zmax>
					</relative>
					<continuous>
						<xmin></xmin>
						<xmax></xmax>
						<ymin></ymin>
						<ymax></ymax>
						<zmin></zmin>
						<zmax></zmax>
					</continuous>
					<speed>
						<pantiltmin></pantiltmin>
						<pantiltmax></pantiltmax>
						<zoommin></zoommin>
						<zoommax></zoommax>
					</speed>
			</moverange>
			<homesupported>1</homesupported>
			<fixedhome>1</fixedhome>
			<auxiliarycommand></auxiliarycommand>
		</i0>
		<i1>
			<nodetype>local-dwp</nodetype>
			<procsocket>/tmp/fldwpCtrl</procsocket>
			<channel>1</channel>
			<stream>2</stream>
			<name>local-dwp</name>
			<supportedspaces>
				<absolute>
					<pantilt>
						<i0>
							<uri>http://www.onvif.org/ver10/tptz/PanTiltSpaces/PositionGenericSpace</uri>
							<xrange>
								<min>-1.0</min>
								<max>1.0</max>
							</xrange>
							<yrange>
								<min>-1.0</min>
								<max>1.0</max>
							</yrange>
						</i0>
					</pantilt>
					<zoom>
						<i0>
							<uri>http://www.onvif.org/ver10/tptz/ZoomSpaces/PositionGenericSpace</uri>
							<xrange>
								<min>-1.0</min>
								<max>1.0</max>
							</xrange>
						</i0>
					</zoom>
				</absolute>
				<relative>
					<pantilt>
						<i0>
							<uri>http://www.onvif.org/ver10/tptz/PanTiltSpaces/TranslationGenericSpace</uri>
							<xrange>
								<min>-1.0</min>
								<max>1.0</max>
							</xrange>
							<yrange>
								<min>-1.0</min>
								<max>1.0</max>
							</yrange>
						</i0>
					</pantilt>
					<zoom>
						<i0>
							<uri>http://www.onvif.org/ver10/tptz/ZoomSpaces/TranslationGenericSpace</uri>
							<xrange>
								<min>-1.0</min>
								<max>1.0</max>
							</xrange>
						</i0>
					</zoom>
				</relative>
				<continuous>
					<pantilt>
						<i0>
							<uri>http://www.onvif.org/ver10/tptz/PanTiltSpaces/VelocityGenericSpace</uri>
							<xrange>
								<min></min>
								<max></max>
							</xrange>
							<yrange>
								<min></min>
								<max></max>
							</yrange>
						</i0>
					</pantilt>
					<zoom>
						<i0>
							<uri>http://www.onvif.org/ver10/tptz/ZoomSpaces/VelocityGenericSpace</uri>
							<xrange>
								<min></min>
								<max></max>
							</xrange>
						</i0>
					</zoom>
				</continuous>
				<speed>
					<pantilt>
						<i0>
							<uri>http://www.onvif.org/ver10/tptz/PanTiltSpaces/GenericSpeedSpace</uri>
							<xrange>
								<min>0.0</min>
								<max>1.0</max>
							</xrange>
						</i0>
					</pantilt>
					<zoom>
						<i0>
							<uri>http://www.onvif.org/ver10/tptz/ZoomSpaces/ZoomGenericSpeedSpace</uri>
							<xrange>
								<min>0.0</min>
								<max>1.0</max>
							</xrange>
						</i0>
					</zoom>
				</speed>
			</supportedspaces>
			<moverange>
					<absolute>
						<xmin>0</xmin>
						<xmax>1920</xmax>
						<ymin>0</ymin>
						<ymax>1920</ymax>
						<zmin></zmin>
						<zmax></zmax>
					</absolute>
					<relative>
						<xmin></xmin>
						<xmax></xmax>
						<ymin></ymin>
						<ymax></ymax>
						<zmin></zmin>
						<zmax></zmax>
					</relative>
					<continuous>
						<xmin></xmin>
						<xmax></xmax>
						<ymin></ymin>
						<ymax></ymax>
						<zmin></zmin>
						<zmax></zmax>
					</continuous>
					<speed>
						<pantiltmin></pantiltmin>
						<pantiltmax></pantiltmax>
						<zoommin></zoommin>
						<zoommax></zoommax>
					</speed>
			</moverange>
			<homesupported>1</homesupported>
			<fixedhome>1</fixedhome>
			<auxiliarycommand></auxiliarycommand>
		</i1>
	</ptznode>
	<ptzconfiguration>
		<i0>
			<channel>1</channel>
			<stream>1</stream>
			<name>localdwp-config1</name>
			<usecount>0</usecount> 
			<defaultsetting>
				<absolute>
					<pantiltspace>http://www.onvif.org/ver10/tptz/PanTiltSpaces/PositionGenericSpace</pantiltspace>
					<zoomspace>http://www.onvif.org/ver10/tptz/ZoomSpaces/PositionGenericSpace</zoomspace>
				</absolute>
				<relative>
					<pantiltspace>http://www.onvif.org/ver10/tptz/PanTiltSpaces/TranslationGenericSpace</pantiltspace>
					<zoomspace>http://www.onvif.org/ver10/tptz/ZoomSpaces/TranslationGenericSpace</zoomspace>
				</relative>
				<continuous>
					<pantiltspace>http://www.onvif.org/ver10/tptz/PanTiltSpaces/VelocityGenericSpace</pantiltspace>
					<zoomspace>http://www.onvif.org/ver10/tptz/ZoomSpaces/VelocityGenericSpace</zoomspace>
				</continuous>
				<ptzspeed>
					<pantilt>
						<uri>http://www.onvif.org/ver10/tptz/PanTiltSpaces/GenericSpeedSpace</uri>
						<x>0.0</x>
						<y>0.0</y>
					</pantilt>
					<zoom>
						<uri>http://www.onvif.org/ver10/tptz/ZoomSpaces/ZoomGenericSpeedSpace</uri>
						<x>0.0</x>
					</zoom>
				</ptzspeed>
				<ptzlimit>
					<pantilt>
						<uri>http://www.onvif.org/ver10/tptz/PanTiltSpaces/PositionGenericSpace</uri>
						<xrange>
							<min>-1.0</min>
							<max>1.0</max>
						</xrange>
						<yrange>
							<min>-1.0</min>
							<max>1.0</max>
						</yrange>
					</pantilt>
					<zoom>
						<uri>http://www.onvif.org/ver10/tptz/ZoomSpaces/PositionGenericSpace</uri>
						<xrange>
							<min>-1.0</min>
							<max>1.0</max>
						</xrange>
					</zoom>
				</ptzlimit>
				<ptztimeout>
					<year>0</year>
					<month>0</month>
					<day>0</day>
					<hour>0</hour>
					<minute>0</minute>
					<second>10</second>
				</ptztimeout>
			</defaultsetting>
			<extension></extension>
		</i0>
		<i1>
			<channel>1</channel>
			<stream>2</stream>
			<name>localdwp-config2</name>
			<usecount>0</usecount> 
			<defaultsetting>
				<absolute>
					<pantiltspace>http://www.onvif.org/ver10/tptz/PanTiltSpaces/PositionGenericSpace</pantiltspace>
					<zoomspace>http://www.onvif.org/ver10/tptz/ZoomSpaces/PositionGenericSpace</zoomspace>
				</absolute>
				<relative>
					<pantiltspace>http://www.onvif.org/ver10/tptz/PanTiltSpaces/TranslationGenericSpace</pantiltspace>
					<zoomspace>http://www.onvif.org/ver10/tptz/ZoomSpaces/TranslationGenericSpace</zoomspace>
				</relative>
				<continuous>
					<pantiltspace>http://www.onvif.org/ver10/tptz/PanTiltSpaces/VelocityGenericSpace</pantiltspace>
					<zoomspace>http://www.onvif.org/ver10/tptz/ZoomSpaces/VelocityGenericSpace</zoomspace>
				</continuous>
				<ptzspeed>
					<pantilt>
						<uri>http://www.onvif.org/ver10/tptz/PanTiltSpaces/GenericSpeedSpace</uri>
						<x>0.0</x>
						<y>0.0</y>
					</pantilt>
					<zoom>
						<uri>http://www.onvif.org/ver10/tptz/ZoomSpaces/ZoomGenericSpeedSpace</uri>
						<x>0.0</x>
					</zoom>
				</ptzspeed>
				<ptzlimit>
					<pantilt>
						<uri>http://www.onvif.org/ver10/tptz/PanTiltSpaces/PositionGenericSpace</uri>
						<xrange>
							<min>-1.0</min>
							<max>1.0</max>
						</xrange>
						<yrange>
							<min>-1.0</min>
							<max>1.0</max>
						</yrange>
					</pantilt>
					<zoom>
						<uri>http://www.onvif.org/ver10/tptz/ZoomSpaces/PositionGenericSpace</uri>
						<xrange>
							<min>-1.0</min>
							<max>1.0</max>
						</xrange>
					</zoom>
				</ptzlimit>
				<ptztimeout>
					<year>0</year>
					<month>0</month>
					<day>0</day>
					<hour>0</hour>
					<minute>0</minute>
					<second>10</second>
				</ptztimeout>
			</defaultsetting>
			<extension></extension>
		</i1>
	</ptzconfiguration>
</ptzcontrol>
