<root>
	<confpath>
		<profile>/etc/conf.d/config_onvif/config_onvif_media_profile.xml</profile>
		<audiosourceconf>/etc/conf.d/config_onvif/config_onvif_media_audiosourceconf.xml</audiosourceconf>
		<audioencoderconf>/etc/conf.d/config_onvif/config_onvif_media_audioencoderconf.xml</audioencoderconf>
		<videosourceconf>/etc/conf.d/config_onvif/config_onvif_media_videosourceconf.xml</videosourceconf>
		<videoencoderconf>/etc/conf.d/config_onvif/config_onvif_media_videoencoderconf.xml</videoencoderconf>
	</confpath>	
</root>
