<root>
	<totaltypenum>6</totaltypenum>
	<totallednum>2</totallednum>
	<!--green-->
	<led0>
		<devfile>/dev/gpio-gled</devfile>
		<ondata>1</ondata>
	</led0>
	<!--Red-->
	<led1>
		<devfile>/dev/gpio-rled</devfile>
		<ondata>1</ondata>
	</led1>
	<controltypes>
		<type0>
			<requestname>NETWORK_SUCCESS</requestname>
			<priority>5</priority>
			<action>
				<initstatus>3</initstatus>
				<ledduration0>900</ledduration0>
				<ledduration1>1</ledduration1>
			</action>
		</type0>
		<type1>
			<requestname>NETWORK_FAIL</requestname>
			<priority>5</priority>
			<action>
				<initstatus>2</initstatus>
				<ledduration0>0</ledduration0>
				<ledduration1>1</ledduration1>
			</action>
		</type1>
		<type2>
			<requestname>FW_UPGRADE</requestname>
			<priority>1</priority>
			<action>
				<initstatus>3</initstatus>
                <ledduration0>900</ledduration0>
				<ledduration1>50</ledduration1>
			</action>
		</type2>
		<type3>
			<requestname>RESTORE_DEFAULT</requestname>
			<priority>1</priority>
			<action>
				<initstatus>0</initstatus>
				<ledduration0>50</ledduration0>
				<ledduration1>50</ledduration1>
			</action>
		</type3>
		<type4>
			<requestname>LED_OFF</requestname>
			<priority>1</priority>
			<action>
				<initstatus>0</initstatus>
				<ledduration0>0</ledduration0>
				<ledduration1>0</ledduration1>
			</action>
		</type4>
		<type5>
			<requestname>LED_ON</requestname>
			<priority>1</priority>
			<action>
				<initstatus>3</initstatus>
				<ledduration0>1</ledduration0>
				<ledduration1>1</ledduration1>
			</action>
		</type5>
	</controltypes>
</root>
