<root>
	<security>
		<referer>
			<RefererCheck>on</RefererCheck>
			<RcExceptionNum>10</RcExceptionNum>
			<RcExceptionHost>
				<i0>
					<name></name>
					<port>80</port>
				</i0>
				<i1>
					<name></name>
					<port>80</port>
				</i1>
				<i2>
					<name></name>
					<port>80</port>
				</i2>
				<i3>
					<name></name>
					<port>80</port>
				</i3>
				<i4>
					<name></name>
					<port>80</port>
				</i4>
				<i5>
					<name></name>
					<port>80</port>
				</i5>
				<i6>
					<name></name>
					<port>80</port>
				</i6>
				<i7>
					<name></name>
					<port>80</port>
				</i7>
				<i8>
					<name></name>
					<port>80</port>
				</i8>
				<i9>
					<name></name>
					<port>80</port>
				</i9>				
			</RcExceptionHost>
		</referer>
	</security>
</root>
