<root>
	<ircutcontrol>
		<mode>day</mode>
		<ircutenablenum>11</ircutenablenum>
		<ircutnum>10</ircutnum>
		<ircutnumpin2>0</ircutnumpin2>
		<irctrltype>pwm</irctrltype>
		<irpwmmaxduty>100</irpwmmaxduty>
		<irledgpio>/dev/gpio-irled</irledgpio> <!-- Unused, due to _CTRL_IR_LED_BY_IOD is defined -->
		<irleddonum>0</irleddonum> <!-- Set to -1 to indicate disabled -->
		<extirledgpio>/dev/gpio-do0</extirledgpio> <!-- Unused, due to _CTRL_IR_LED_BY_IOD is defined -->
		<extirleddonum>-1</extirleddonum> <!-- Set to -1 to indicate disabled -->
		<daymodebegintime>07:00</daymodebegintime>
		<daymodeendtime>18:00</daymodeendtime>
		<disableirled>1</disableirled>
		<enableextled>0</enableextled>
		<bwmode>1</bwmode>
		<sensitivity>normal</sensitivity>
		<sir>0</sir>
	</ircutcontrol>
</root>
