<root>
	<ddns>
		<provider>DyndnsDynamic</provider>
		<Safe100>
			<hostname/>
			<usernameemail/>
			<passwordkey/>
		</Safe100>
		<DyndnsDynamic>
			<hostname/>
			<usernameemail/>
			<passwordkey/>
		</DyndnsDynamic>
		<DyndnsCustom>
			<hostname/>
			<usernameemail/>
			<passwordkey/>
		</DyndnsCustom>
		<TZO>
			<hostname/>
			<usernameemail/>
			<passwordkey/>
		</TZO>
		<DHS>
			<hostname/>
			<usernameemail/>
			<passwordkey/>
		</DHS>
		<CustomSafe100>
			<hostname/>
			<usernameemail/>
			<passwordkey/>
			<servername/>
		</CustomSafe100>
	</ddns>
</root>
