<?xml version="1.0" standalone="yes"?>
<root>
	<seamlessrecording>
		<diskmode>seamless</diskmode>
		<maxconnection>3</maxconnection>
		<enable>0</enable>
		<output>2</output> <!-- recording index, e.g., seamless recording comes from recording_i2 -->
		<stream>1</stream> <!-- stream source, e.g., seamless recording records from stream 1 -->
		<guid0>
			<id></id>
			<number>0</number>
		</guid0>
		<guid1>
			<id></id>
			<number>0</number>
		</guid1>
		<guid2>
			<id></id>
			<number>0</number>
		</guid2>
	</seamlessrecording>
</root>
