<?xml version="1.0" standalone="yes"?>
<root>
    <!-- send timeout, unit: second -->
    <sendtimeout>60</sendtimeout>
    <!-- path -->
    <path>
        <connfile>/var/run/sp/conninfo</connfile>
        <control>
            <FIFO>/var/run/sp/control</FIFO>
        </control>
        <httpserver>
            <socket>/var/run/http/fdipc1</socket>
        </httpserver>
        <encoder1>
            <type>JPG</type>
            <FIFO>/var/run/venc/s0/controlfifo</FIFO>
            <socket>/var/run/venc/s0/mediasck_1</socket>
            <start>0</start>
        </encoder1>
        <encoder2>
            <type>JPG</type>
            <FIFO>/var/run/venc/s0/controlfifo</FIFO>
            <socket>/var/run/venc/s1/mediasck_1</socket>
            <start>0</start>
        </encoder2>
        <encoder3>
            <type>JPG</type>
            <FIFO>/var/run/venc/s0/controlfifo</FIFO>
            <socket>/var/run/venc/s2/mediasck_1</socket>
            <start>0</start>
        </encoder3>
        <encoder4>
            <type>JPG</type>
            <FIFO>/var/run/venc/s0/controlfifo</FIFO>
            <socket>/var/run/venc/s3/mediasck_1</socket>
            <start>0</start>
        </encoder4>
    </path>
</root>
