<root>
	<camctrl>
		<c0>
			<panspeed>0</panspeed>
			<tiltspeed>0</tiltspeed>
			<zoomspeed>0</zoomspeed>
			<focusspeed>0</focusspeed>
			<patrolseq></patrolseq>
			<patroldwelling></patroldwelling>
			<preset>
				<i0>
					<name></name>
					<dwelling>0</dwelling>
				</i0>
				<i1>
					<name></name>
					<dwelling>0</dwelling>
				</i1>
				<i2>
					<name></name>
					<dwelling>0</dwelling>
				</i2>
				<i3>
					<name></name>
					<dwelling>0</dwelling>
				</i3>
				<i4>
					<name></name>
					<dwelling>0</dwelling>
				</i4>
				<i5>
					<name></name>
					<dwelling>0</dwelling>
				</i5>
				<i6>
					<name></name>
					<dwelling>0</dwelling>
				</i6>
				<i7>
					<name></name>
					<dwelling>0</dwelling>
				</i7>
				<i8>
					<name></name>
					<dwelling>0</dwelling>
				</i8>
				<i9>
					<name></name>
					<dwelling>0</dwelling>
                </i9>
				<i10>
					<name></name>
					<dwelling>0</dwelling>
                </i10>
				<i11>
					<name></name>
					<dwelling>0</dwelling>
                </i11>
				<i12>
					<name></name>
					<dwelling>0</dwelling>
                </i12>
				<i13>
					<name></name>
					<dwelling>0</dwelling>
                </i13>
				<i14>
					<name></name>
					<dwelling>0</dwelling>
                </i14>
				<i15>
					<name></name>
					<dwelling>0</dwelling>
                </i15>
				<i16>
					<name></name>
					<dwelling>0</dwelling>
                </i16>
				<i17>
					<name></name>
					<dwelling>0</dwelling>
                </i17>
				<i18>
					<name></name>
					<dwelling>0</dwelling>
                </i18>
				<i19>
					<name></name>
					<dwelling>0</dwelling>
                </i19>
			</preset>
			<uart>0</uart>
			<cameraid>1</cameraid>
			<isptz>0</isptz>
			<disablemdonptz>0</disablemdonptz>
		</c0>
        <enableptztunnel>0</enableptztunnel>
	</camctrl>
</root>
