<?xml version="1.0" standalone="yes"?>
<root>
	<network>
		<sip>
			<port>5060</port>
		    <registrarip></registrarip>
		    <registrarport>0</registrarport>
		    <outboundproxyip></outboundproxyip>
		    <outboundproxyport>0</outboundproxyport>
			<displayname>0002D1000000</displayname>
			<username></username>
			<password></password>
			<domain>vivotek.com</domain>
			<authmode>disable</authmode>
			<maxconnnum>1</maxconnnum>
			<sessioninfopath>/var/run/ss/sipinfo</sessioninfopath>
		</sip>
		<rtsp>
			<port>554</port>
			<anonymousviewing>0</anonymousviewing>
			<authmode>basic</authmode>
			<maxconnnum>10</maxconnnum>
			<sessioninfopath>/var/run/ss/conninfo</sessioninfopath>
			<httpfdipcsock>/var/run/http/fdipc0</httpfdipcsock>
			<controlipc>/var/run/ss/controlfifo</controlipc>
			<!--media tracks-->
			<v0>
				<socket>/var/run/venc/s0/mediasck_0</socket>
				<fifo>/var/run/venc/s0/controlfifo</fifo>
			</v0>
			<v1>
				<socket>/var/run/venc/s1/mediasck_0</socket>
				<fifo>/var/run/venc/s0/controlfifo</fifo>
			</v1>
			<v2>
				<socket>/var/run/venc/s2/mediasck_0</socket>
				<fifo>/var/run/venc/s0/controlfifo</fifo>
			</v2>
			<v3>
				<socket>/var/run/venc/s3/mediasck_0</socket>
				<fifo>/var/run/venc/s0/controlfifo</fifo>
			</v3>
			<!--MOD stream video track-->
			<v4>
				<socket>/var/run/mod/s0/videosck</socket>
				<fifo>/var/run/mod/controlfifo</fifo>
			</v4>
			<v5>
				<socket>/var/run/mod/s1/videosck</socket>
				<fifo>/var/run/mod/controlfifo</fifo>
			</v5>
			<v6>
				<socket>/var/run/mod/s2/videosck</socket>
				<fifo>/var/run/mod/controlfifo</fifo>
			</v6>
			<!--audio-->
			<a0>
				<socket>/var/run/aenc/s0/mediasck_0</socket>
				<fifo>/var/run/aenc/s0/controlfifo</fifo>
				<decodesocket>/var/run/aenc/s0/decodesck_0</decodesocket>
			</a0>
			<!--MOD audio-->
			<a1>
				<socket>/var/run/mod/s0/audiosck</socket>
				<fifo>/var/run/mod/controlfifo</fifo>
			</a1>
			<a2>
				<socket>/var/run/mod/s1/audiosck</socket>
				<fifo>/var/run/mod/controlfifo</fifo>
			</a2>
			<a3>
				<socket>/var/run/mod/s2/audiosck</socket>
				<fifo>/var/run/mod/controlfifo</fifo>
			</a3>
			<!-- metadata -->
			<m0>
				<socket>/var/run/metadata/s0/mediasck_0</socket>
				<fifo>/var/run/metadata/controlfifo</fifo>
			</m0>
			<!-- stream -->
			<s0>
				<enable>1</enable>
				<accessname>live.sdp</accessname>			
				<videotrack>0</videotrack>
				<audiotrack>0</audiotrack>
				<metadatatrack>0</metadatatrack>
				<multicast>
					<alwaysmulticast>0</alwaysmulticast>
					<videoport>5560</videoport>
					<audioport>5562</audioport>
					<metadataport>6560</metadataport>
					<videoipaddress>239.128.1.99</videoipaddress>
					<audioipaddress>239.128.1.99</audioipaddress>
					<metadataipaddress>239.128.1.99</metadataipaddress>					
					<ttl>15</ttl>
					<vvtkextension>1</vvtkextension>
				</multicast>
			</s0>
			<s1>
				<enable>1</enable>
				<accessname>live2.sdp</accessname>
				<videotrack>1</videotrack>
				<audiotrack>0</audiotrack>
				<metadatatrack>0</metadatatrack>
				<multicast>
					<alwaysmulticast>0</alwaysmulticast>
					<videoport>5564</videoport>
					<audioport>5566</audioport>
					<metadataport>6564</metadataport>
					<videoipaddress>239.128.1.100</videoipaddress>
					<audioipaddress>239.128.1.100</audioipaddress>
					<metadataipaddress>239.128.1.100</metadataipaddress>					
					<ttl>15</ttl>
					<vvtkextension>1</vvtkextension>
				</multicast>
			</s1>
			<s2>
				<enable>1</enable>
				<accessname>live3.sdp</accessname>
				<videotrack>2</videotrack>
				<audiotrack>0</audiotrack>
				<metadatatrack>0</metadatatrack>
				<multicast>
					<alwaysmulticast>0</alwaysmulticast>
					<videoport>5568</videoport>
					<audioport>5570</audioport>
					<metadataport>6568</metadataport>
					<videoipaddress>239.128.1.101</videoipaddress>
					<audioipaddress>239.128.1.101</audioipaddress>
					<metadataipaddress>239.128.1.101</metadataipaddress>					
					<ttl>15</ttl>
					<vvtkextension>1</vvtkextension>
				</multicast>
			</s2>
			<s3>
				<enable>1</enable>
				<accessname>live4.sdp</accessname>
				<videotrack>3</videotrack>
				<audiotrack>0</audiotrack>
				<metadatatrack>0</metadatatrack>
				<multicast>
					<alwaysmulticast>0</alwaysmulticast>
					<videoport>5572</videoport>
					<audioport>5574</audioport>
					<metadataport>6572</metadataport>
					<videoipaddress>239.128.1.102</videoipaddress>
					<audioipaddress>239.128.1.102</audioipaddress>
					<metadataipaddress>239.128.1.102</metadataipaddress>					
					<ttl>15</ttl>
					<vvtkextension>1</vvtkextension>
				</multicast>
			</s3>
			<s4>
				<enable>1</enable>
				<accessname>mod.sdp</accessname>
				<videotrack>4</videotrack>
				<audiotrack>1</audiotrack>
			</s4>
			<s5>
				<enable>1</enable>
				<accessname>mod.sdp</accessname>
				<videotrack>5</videotrack>
				<audiotrack>2</audiotrack>
			</s5>
			<s6>
				<enable>1</enable>
				<accessname>mod.sdp</accessname>
				<videotrack>6</videotrack>
				<audiotrack>3</audiotrack>
			</s6>
		</rtsp>
		<rtp>
			<videoport>5556</videoport>
			<audioport>5558</audioport>
			<metadataport>6556</metadataport>
		</rtp>
	</network>
</root>
