<?xml version="1.0" standalone="yes"?>
<root>
	<network>
		<ieee8021x>
			<enable>0</enable>
			<eapmethod>eap-peap</eapmethod>
			<identity>
				<peap></peap>
				<tls></tls>
			</identity>
			<password></password>
			<privatekeypassword></privatekeypassword>
			<ca>
				<exist>0</exist>
				<time>0</time>
				<size>0</size>
			</ca>
			<certificate>
				<exist>0</exist>
				<time>0</time>
				<size>0</size>
			</certificate>
			<privatekey>
				<exist>0</exist>
				<time>0</time>
				<size>0</size>
			</privatekey>
		</ieee8021x>
	</network>
</root>
