<root>
	<shmem>
		<block0>
			<type>sysv</type>
			<totalsize>53440k</totalsize>
			<shmkey>1</shmkey>
			<cacheunit>768k</cacheunit>
			<sector0><mode>ringbuf</mode><tag>/var/run/venc/s0</tag><size>10480k</size></sector0>
			<sector1><mode>ringbuf</mode><tag>/var/run/venc/s1</tag><size>10480k</size></sector1>
			<sector2><mode>ringbuf</mode><tag>/var/run/venc/s2</tag><size>10480k</size></sector2>
			<sector3><mode>ringbuf</mode><tag>/var/run/venc/s3</tag><size>10480k</size></sector3>
			<sector4><mode>cache</mode><tag>streaming</tag><size>11520k</size></sector4>
			<preconfig0>
				<sector0><size>10480k</size><allow>0</allow></sector0>
				<sector1><size>10480k</size><allow>0</allow></sector1>
				<sector2><size>10480k</size><allow>0</allow></sector2>
				<sector3><size>10480k</size><allow>0</allow></sector3>
			</preconfig0>
			<preconfig1>
				<sector0><size>26200k</size><allow>1</allow></sector0>
				<sector1><size>5240k</size><allow>0</allow></sector1>
				<sector2><size>5240k</size><allow>0</allow></sector2>
				<sector3><size>5240k</size><allow>0</allow></sector3>
			</preconfig1>
			<preconfig2>
				<sector0><size>5240k</size><allow>0</allow></sector0>
				<sector1><size>26200k</size><allow>1</allow></sector1>
				<sector2><size>5240k</size><allow>0</allow></sector2>
				<sector3><size>5240k</size><allow>0</allow></sector3>
			</preconfig2>
			<preconfig3>
				<sector0><size>5240k</size><allow>0</allow></sector0>
				<sector1><size>5240k</size><allow>0</allow></sector1>
				<sector2><size>26200k</size><allow>1</allow></sector2>
				<sector3><size>5240k</size><allow>0</allow></sector3>
			</preconfig3>
			<preconfig4>
				<sector0><size>5240k</size><allow>0</allow></sector0>
				<sector1><size>5240k</size><allow>0</allow></sector1>
				<sector2><size>5240k</size><allow>0</allow></sector2>
				<sector3><size>26200k</size><allow>1</allow></sector3>
			</preconfig4>
		</block0>
		<block1>
			<type>sysv</type>
			<totalsize>1808k</totalsize>
			<shmkey>2</shmkey>
			<sector0><mode>ringbuf</mode><tag>/var/run/aenc/s0</tag><size>1280k</size></sector0>
			<sector1><mode>cache</mode><tag>streaming</tag><cacheunit>1k</cacheunit><size>16k</size></sector1>
			<sector2><mode>ringbuf</mode><tag>aencpcm</tag><size>512k</size></sector2>
			<preconfig0>
				<sector0><size>1280k</size><allow>0</allow></sector0>
			</preconfig0>
			<preconfig1>
				<sector0><size>1280k</size><allow>1</allow></sector0>
			</preconfig1>
		</block1>
		<block2>
			<type>memmgr</type>
			<totalsize>22880k</totalsize>
			<shmkey>3</shmkey>
			<busnum>0</busnum>
			<sector0><tag>scaler0</tag><mode>cache</mode><size>19200k</size><cacheunit>3200k</cacheunit></sector0> <!-- 2M * 1.5 * 5 -->
			<sector1><tag>preview0</tag><mode>cache</mode><size>480k</size><cacheunit>160k</cacheunit></sector1>
			<sector2><tag>intermediate0</tag><mode>cache</mode><size>3200k</size><cacheunit>3200k</cacheunit></sector2>
		</block2>
		<block3>
			<type>sysv</type>
			<totalsize>11520K</totalsize>
			<shmkey>4</shmkey>
			<!-- support 3 MOD track -->
			<sector0><mode>ringbuf</mode><tag>/var/run/mod/s0/video</tag><size>3072K</size></sector0>
			<sector1><mode>ringbuf</mode><tag>/var/run/mod/s0/audio</tag><size>768K</size></sector1>
			<sector2><mode>ringbuf</mode><tag>/var/run/mod/s1/video</tag><size>3072K</size></sector2>
			<sector3><mode>ringbuf</mode><tag>/var/run/mod/s1/audio</tag><size>768K</size></sector3>
			<sector4><mode>ringbuf</mode><tag>/var/run/mod/s2/video</tag><size>3072K</size></sector4>
			<sector5><mode>ringbuf</mode><tag>/var/run/mod/s2/audio</tag><size>768K</size></sector5>
		</block3>
		<block4>
			<type>sysv</type>
			<totalsize>1M</totalsize>
			<shmkey>5</shmkey>
			<sector0>
				<tag>IVA metadata</tag>
				<mode>ringbuf</mode>
				<size>512k</size>
			</sector0>
			<sector1>
				<tag>IVA event metadata</tag>
				<mode>ringbuf</mode>
				<size>512k</size>
			</sector1>
		</block4>
	</shmem>
	<timeshift>
		<enable>0</enable>
		<c0>
			<s0>
				<allow>1</allow>
			</s0>
			<s1>
				<allow>0</allow>
			</s1>
			<s2>
				<allow>0</allow>
			</s2>
			<s3>
				<allow>0</allow>
			</s3>
		</c0>
	</timeshift>
</root>
