<?xml version="1.0" standalone="yes"?>
<root>
<ipfilter>
	<enable>0</enable>
	<admin>
		<enable>0</enable>
		<ip></ip>
	</admin>
	<maxconnection>10</maxconnection>
	<type>1</type>
	<ipv4list>
		<i0></i0>		
		<i1></i1>	
		<i2></i2>		
		<i3></i3>
		<i4></i4>	
		<i5></i5>		
		<i6></i6>		
		<i7></i7>	
		<i8></i8>
		<i9></i9>
	</ipv4list>
	<ipv6list>
		<i0></i0>
		<i1></i1>
		<i2></i2>
		<i3></i3>
		<i4></i4>
		<i5></i5>
		<i6></i6>
		<i7></i7>
		<i8></i8>
		<i9></i9>	
	</ipv6list>
</ipfilter>
</root>
