<root>
	<uart>
		<ptzdrivers>
			<i0>
				<name>DynaDome/SmartDOME</name>
				<location>/etc/drivers/dynasmart.ptz</location>
			</i0>
			<i1>
				<name>Lilin PIH-7x00</name>
                <location>/etc/drivers/lilin.ptz</location>
			</i1>
			<i2>
				<name>Pelco D protocol</name>
				<location>/etc/drivers/pelcod.ptz</location>
			</i2>
			<i3>
				<name>Pelco P protocol</name>
				<location>/etc/drivers/pelcop.ptz</location>
			</i3>
			<i4>
				<name></name>
				<location></location>
			</i4>
			<i5>
				<name></name>
				<location></location>
			</i5>
			<i6>
				<name></name>
				<location></location>
			</i6>
			<i7>
				<name></name>
				<location></location>
			</i7>
			<i8>
				<name></name>
				<location></location>
			</i8>
			<i9>
				<name></name>
				<location></location>
			</i9>
			<i10>
				<name></name>
				<location></location>
			</i10>
			<i11>
				<name></name>
				<location></location>
			</i11>
			<i12>
				<name></name>
				<location></location>
			</i12>
			<i13>
				<name></name>
				<location></location>
			</i13>
			<i14>
				<name></name>
				<location></location>
			</i14>
			<i15>
				<name></name>
				<location></location>
			</i15>
			<i16>
				<name></name>
				<location></location>
			</i16>
			<i17>
				<name></name>
				<location></location>
			</i17>
			<i18>
				<name></name>
				<location></location>
			</i18>
			<i19>
				<name></name>
				<location></location>
            </i19>
			<i127>
				<name>Custom camera</name>
                <location>/etc/drivers/customdrv.ptz</location>
			</i127>
		</ptzdrivers>
        <enablehttptunnel>0</enablehttptunnel>
        <i0>
            <uartdevice>/dev/ttyS0</uartdevice>
            <socketfile>/tmp/uartd0_sck</socketfile>
            <pidfile>/var/run/uartd0.pid</pidfile>
			<baudrate>9600</baudrate>
			<databit>8</databit>
			<paritybit>none</paritybit>
			<stopbit>1</stopbit>
			<uartmode>rs485</uartmode>
			<customdrvcmd>
				<i0></i0>
				<i1></i1>
				<i2></i2>
				<i3></i3>
				<i4></i4>
				<i5></i5>
				<i6></i6>
				<i7></i7>
				<i8></i8>
				<i9></i9>
			</customdrvcmd>
			<speedlink>
				<i0>
					<name></name>
					<cmd></cmd>
				</i0>
				<i1>
					<name></name>
					<cmd></cmd>
				</i1>
				<i2>
					<name></name>
					<cmd></cmd>
				</i2>
				<i3>
					<name></name>
					<cmd></cmd>
				</i3>
				<i4>
					<name></name>
					<cmd></cmd>
				</i4>
			</speedlink>
			<ptzdriver>128</ptzdriver>
		</i0>
	</uart>
</root>
