<root>
	<vadp>
		<schedule>
			<i0>
				<enable>0</enable>
				<begintime>06:00</begintime>
				<endtime>18:00</endtime>
			</i0>
			<i1>
				<enable>0</enable>
				<begintime>06:00</begintime>
				<endtime>18:00</endtime>
			</i1>
			<i2>
				<enable>0</enable>
				<begintime>06:00</begintime>
				<endtime>18:00</endtime>
			</i2>
			<i3>
				<enable>0</enable>
				<begintime>06:00</begintime>
				<endtime>18:00</endtime>
			</i3>
			<i4>
				<enable>0</enable>
				<begintime>06:00</begintime>
				<endtime>18:00</endtime>
			</i4>
			<i5>
				<enable>0</enable>
				<begintime>06:00</begintime>
				<endtime>18:00</endtime>
			</i5>
			<i6>
				<enable>0</enable>
				<begintime>06:00</begintime>
				<endtime>18:00</endtime>
			</i6>
			<i7>
				<enable>0</enable>
				<begintime>06:00</begintime>
				<endtime>18:00</endtime>
			</i7>
			<i8>
				<enable>0</enable>
				<begintime>06:00</begintime>
				<endtime>18:00</endtime>
			</i8>
			<i9>
				<enable>0</enable>
				<begintime>06:00</begintime>
				<endtime>18:00</endtime>
			</i9>
		</schedule>
	</vadp>
</root>
