<root>
	<videoin>
		<c0>
			<s0>
				<h264>
					<smartstream2>
						<enable>1</enable>
						<qualitypriority>1</qualitypriority>
						<mode>autotracking</mode>
						<win>
							<i0>
								<enable>0</enable>
								<home>150,110</home>
								<size>100x75</size>
							</i0>
							<i1>
								<enable>0</enable>
								<home>150,110</home>
								<size>100x75</size>
							</i1>
							<i2>
								<enable>0</enable>
								<home>150,110</home>
								<size>100x75</size>
							</i2>
						</win>
					</smartstream2>
				</h264>
			</s0>
			<s1>
				<h264>
					<smartstream2>
						<enable>1</enable>
						<qualitypriority>1</qualitypriority>
						<mode>autotracking</mode>
						<win>
							<i0>
								<enable>0</enable>
								<home>150,110</home>
								<size>100x75</size>
							</i0>
							<i1>
								<enable>0</enable>
								<home>150,110</home>
								<size>100x75</size>
							</i1>
							<i2>
								<enable>0</enable>
								<home>150,110</home>
								<size>100x75</size>
							</i2>
						</win>
					</smartstream2>
				</h264>
			</s1>
			<s2>
				<h264>
					<smartstream2>
						<enable>1</enable>
						<qualitypriority>1</qualitypriority>
						<mode>autotracking</mode>
						<win>
							<i0>
								<enable>0</enable>
								<home>150,110</home>
								<size>100x75</size>
							</i0>
							<i1>
								<enable>0</enable>
								<home>150,110</home>
								<size>100x75</size>
							</i1>
							<i2>
								<enable>0</enable>
								<home>150,110</home>
								<size>100x75</size>
							</i2>
						</win>
					</smartstream2>
				</h264>
			</s2>
			<s3>
				<h264>
					<smartstream2>
						<enable>1</enable>
						<qualitypriority>1</qualitypriority>
						<mode>autotracking</mode>
						<win>
							<i0>
								<enable>0</enable>
								<home>150,110</home>
								<size>100x75</size>
							</i0>
							<i1>
								<enable>0</enable>
								<home>150,110</home>
								<size>100x75</size>
							</i1>
							<i2>
								<enable>0</enable>
								<home>150,110</home>
								<size>100x75</size>
							</i2>
						</win>
					</smartstream2>
				</h264>
			</s3>
		</c0>
	</videoin>
</root>
