<?xml version="1.0" standalone="yes"?>
<root>
	<privacymask>
		<!-- channel -->
		<c0>	
			<enable>0</enable>
			<win>
				<i0>
					<enable>0</enable>
					<name></name>
					<polygon></polygon>
				</i0>
				<i1>
					<enable>0</enable>
					<name></name>
					<polygon></polygon>
				</i1>
				<i2>
					<enable>0</enable>
					<name></name>
					<polygon></polygon>
				</i2>
				<i3>
					<enable>0</enable>
					<name></name>
					<polygon></polygon>
				</i3>
				<i4>
					<enable>0</enable>
					<name></name>
					<polygon></polygon>
				</i4>
				<i5>
					<enable>1</enable>
					<name>bluescreen</name>
					<polygon>0,0,0,240,320,240,320,0</polygon>
				</i5>
			</win>
		</c0>
	</privacymask>
</root>
