<?xml version="1.0" standalone="yes"?>
<root>
	<motion>
        <!-- channel -->
		<c0>
			<enable>0</enable>
			<algorithm>advmotion</algorithm>
			<objtrack>
				<percentage>200</percentage>
				<sensitivity>8000</sensitivity>
			</objtrack>
			<win>
				<triggerframe>5</triggerframe>
				<sensitivity>80</sensitivity>
				<i0>
					<enable>0</enable>
					<name></name>
					<polygon></polygon>
					<polygonstd></polygonstd>
					<left></left>
					<top></top>
					<width></width>
					<height></height>
					<objsize>15</objsize>
					<sensitivity>0</sensitivity>
				</i0>
				<i1>
					<enable>0</enable>
					<name></name>
					<polygon></polygon>
					<polygonstd></polygonstd>
					<left></left>
					<top></top>
					<width></width>
					<height></height>
					<objsize>15</objsize>
					<sensitivity>0</sensitivity>
				</i1>
				<i2>
					<enable>0</enable>
					<name></name>
					<polygon></polygon>
					<polygonstd></polygonstd>
					<left></left>
					<top></top>
					<width></width>
					<height></height>
					<objsize>15</objsize>
					<sensitivity>0</sensitivity>
				</i2>
				<i3>
					<enable>0</enable>
					<name></name>
					<polygon></polygon>
					<polygonstd></polygonstd>
					<left></left>
					<top></top>
					<width></width>
					<height></height>
					<objsize>15</objsize>
					<sensitivity>0</sensitivity>
				</i3>
				<i4>
					<enable>0</enable>
					<name></name>
					<polygon></polygon>
					<polygonstd></polygonstd>
					<left></left>
					<top></top>
					<width></width>
					<height></height>
					<objsize>15</objsize>
					<sensitivity>0</sensitivity>
				</i4>
			</win>
			<profile>
				<name>mdwin</name>
				<i0>
					<enable>0</enable>
					<policy>night</policy>
					<begintime>18:00</begintime>
					<endtime>06:00</endtime>
					<win>
						<triggerframe>5</triggerframe>
						<sensitivity>80</sensitivity>
						<i0>
							<enable>0</enable>
							<name></name>
							<polygon></polygon>
							<polygonstd></polygonstd>
							<left></left>
							<top></top>
							<width></width>
							<height></height>
							<objsize>15</objsize>
							<sensitivity>0</sensitivity>
						</i0>
						<i1>
							<enable>0</enable>
							<name></name>
							<polygon></polygon>
							<polygonstd></polygonstd>
							<left></left>
							<top></top>
							<width></width>
							<height></height>
							<objsize>15</objsize>
							<sensitivity>0</sensitivity>
						</i1>
						<i2>
							<enable>0</enable>
							<name></name>
							<polygon></polygon>
							<polygonstd></polygonstd>
							<left></left>
							<top></top>
							<width></width>
							<height></height>
							<objsize>15</objsize>
							<sensitivity>0</sensitivity>
						</i2>
						<i3>
							<enable>0</enable>
							<name></name>
							<polygon></polygon>
							<polygonstd></polygonstd>
							<left></left>
							<top></top>
							<width></width>
							<height></height>
							<objsize>15</objsize>
							<sensitivity>0</sensitivity>
						</i3>
						<i4>
							<enable>0</enable>
							<name></name>
							<polygon></polygon>
							<polygonstd></polygonstd>
							<left></left>
							<top></top>
							<width></width>
							<height></height>
							<objsize>15</objsize>
							<sensitivity>0</sensitivity>
						</i4>
					</win>
				</i0>
			</profile>
		</c0>
	</motion>
</root>
