<?xml version="1.0" standalone="yes"?>
<root>
	<capability>
		<videoin>
			<c0>
				<lens>
					<type>fixed</type>
				</lens>
				<cameraunit>
					<name>-</name>
				</cameraunit>
				<rotation>1</rotation>
				<dintraperiod>
					<support>1</support>
				</dintraperiod>
				<nresolution>7</nresolution>
				<nprivacymask>5</nprivacymask>
				<resolution>176x144,384x216,640x360,1280x720,1360x768,1600x904,1920x1080</resolution>
				<maxresolution>1920x1080,1920x1080,1920x1080,1920x1080</maxresolution>
				<maxframerate>30,30,30,30,30,30,30</maxframerate>
				<mjpeg>
					<maxframerate>30,30,30,30,30,30,30</maxframerate>
					<maxbitrate>40000000</maxbitrate>
				</mjpeg>
				<h264>
					<maxframerate>30,30,30,30,30,30,30</maxframerate>
					<maxbitrate>40000000</maxbitrate>
				</h264>
				<streamcodec>6,6,6,6</streamcodec>
				<mode>0</mode>
				<nmode>1</nmode>
				<maxsize>1920x1080</maxsize>
				<mode0>
					<rotation>1</rotation>
					<effectivepixel>1920x1080</effectivepixel>
					<outputsize>1920x1080</outputsize>
					<binning>0</binning>
					<nresolution>7</nresolution>
					<resolution>176x144,384x216,640x360,1280x720,1360x768,1600x904,1920x1080</resolution>
					<maxresolution>1920x1080,1920x1080,1920x1080,1920x1080</maxresolution>
					<maxframerate>30,30,30,30,30,30,30</maxframerate>
					<maxfps>
						<mjpeg>30,30,30,30,30,30,30</mjpeg>
						<h264>30,30,30,30,30,30,30</h264>
					</maxfps>
					<defaultsetting>
						<maxexposure>25</maxexposure>
						<minexposure>32000</minexposure>
						<s0>
							<mjpeg>
								<framerate>10</framerate>
								<bitrate>14000000</bitrate>
							</mjpeg>
							<h264>
								<framerate>30</framerate>
								<bitrate>2000000</bitrate>
							</h264>
							<resolution>1920x1080</resolution>
						</s0>
						<s1>
							<mjpeg>
								<framerate>10</framerate>
								<bitrate>14000000</bitrate>
							</mjpeg>
							<h264>
								<framerate>30</framerate>
								<bitrate>2000000</bitrate>
							</h264>
							<resolution>1280x720</resolution>
						</s1>
						<s2>
							<mjpeg>
								<framerate>15</framerate>
								<bitrate>512000</bitrate>
							</mjpeg>
							<h264>
								<framerate>15</framerate>
								<bitrate>512000</bitrate>
							</h264>
							<resolution>640x360</resolution>
						</s2>
						<s3>
							<mjpeg>
								<framerate>10</framerate>
								<bitrate>14000000</bitrate>
							</mjpeg>
							<h264>
								<framerate>30</framerate>
								<bitrate>2000000</bitrate>
							</h264>
							<resolution>1920x1080</resolution>
						</s3>
						<mjpeg>
							<!--Modify it-->
							<maxfpsat50hz></maxfpsat50hz>
						</mjpeg>
						<h264>
							<!--Modify it-->
							<maxfpsat50hz></maxfpsat50hz>
						</h264>
					</defaultsetting>
					<description>1080P FULL HD (16:9) (MAX 30fps)</description>
					<minresolution>176x144,176x144,176x144,176x144</minresolution>
					<!--Modify it-->
					<eptz>7</eptz>
					<!--Modify it-->
					<wdrpro>0</wdrpro>
				</mode0>
				<rotationaffect>-</rotationaffect>
				<minresolution>176x144,176x144,176x144,176x144</minresolution>
			</c0>
		</videoin>
	</capability>
</root>
