<root>
	<onvifdiscovery>
		<discoverymode>Discoverable</discoverymode>
		<restsendbuffer>234</restsendbuffer>
		<types>
			<i0>dn:NetworkVideoTransmitter</i0>
			<i1>tds:Device</i1>
			<i2></i2>
			<i3></i3>
			<i4></i4>
		</types>
		<scopes>
                	<i0>onvif://www.onvif.org/type/video_encoder</i0>
                	<i1>onvif://www.onvif.org/type/audio_encoder</i1>
                	<i2>onvif://www.onvif.org/type/video_analytic</i2>
                	<i3>onvif://www.onvif.org/type/ptz</i3>
                	<i4>onvif://www.onvif.org/location/global</i4>
					<i5>onvif://www.onvif.org/name/VIVOTEK</i5>
                	<i6>onvif://www.onvif.org/Profile/Streaming</i6>
                	<i7></i7>
                	<i8></i8>
					<i9></i9>
					<i10></i10>
                	<i11></i11>
                	<i12></i12>
                	<i13></i13>
		</scopes>
	</onvifdiscovery>
</root>

