<?xml version="1.0" standalone="yes"?>
<root>
	<layout>
        <logo>
            <default>1</default>
            <link>http://www.vivotek.com</link>
		<powerbyvvtk>
			<hidden>0</hidden>
		</powerbyvvtk>
        </logo>
		<custombutton>
			<manualtrigger>
				<show>1</show>
			</manualtrigger>
		</custombutton>
        <theme>
            <option>1</option>
            <color>
                <font>#ffffff</font>
                <configfont>#ffffff</configfont>
                <titlefont>#098bd6</titlefont>
                <controlbackground>#565656</controlbackground>
                <configbackground>#323232</configbackground>
                <videobackground>#565656</videobackground>
                <case>#323232</case>
            </color>
        </theme>
	</layout>
</root>
