<root>
	<roi>
		<c0>
			<s0>
				<home>0,0</home>
				<size>1920x1080</size>
			</s0>
			<s1>
				<home>0,0</home>
				<size>1920x1080</size>
			</s1>
			<s2>
				<home>0,0</home>
				<size>1920x1080</size>
			</s2>
			<s3>
				<home>0,0</home>
				<size>1920x1080</size>
			</s3>
		</c0>
	</roi>	
	<eptz>
		<c0>
			<smooth>1</smooth>
			<panspeed>0</panspeed>
			<tiltspeed>0</tiltspeed>
			<zoomspeed>0</zoomspeed>
			<autospeed>1</autospeed>
			<s0>
				<patrolseq></patrolseq>
				<patroldwelling></patroldwelling>
				<preset>
					<i0>
						<name></name>
						<pos></pos>
						<size></size>
					</i0>
					<i1>
						<name></name>
						<pos></pos>
						<size></size>
					</i1>
					<i2>
						<name></name>
						<pos></pos>
						<size></size>
					</i2>
					<i3>
						<name></name>
						<pos></pos>
						<size></size>
					</i3>
					<i4>
						<name></name>
						<pos></pos>
						<size></size>
					</i4>
					<i5>
						<name></name>
						<pos></pos>
						<size></size>
					</i5>
					<i6>
						<name></name>
						<pos></pos>
						<size></size>
					</i6>
					<i7>
						<name></name>
						<pos></pos>
						<size></size>
					</i7>
					<i8>
						<name></name>
						<pos></pos>
						<size></size>
					</i8>
					<i9>
						<name></name>
						<pos></pos>
						<size></size>
					</i9>
					<i10>
						<name></name>
						<pos></pos>
						<size></size>
					</i10>
					<i11>
						<name></name>
						<pos></pos>
						<size></size>
					</i11>
					<i12>
						<name></name>
						<pos></pos>
						<size></size>
					</i12>
					<i13>
						<name></name>
						<pos></pos>
						<size></size>
					</i13>
					<i14>
						<name></name>
						<pos></pos>
						<size></size>
					</i14>
					<i15>
						<name></name>
						<pos></pos>
						<size></size>
					</i15>
					<i16>
						<name></name>
						<pos></pos>
						<size></size>
					</i16>
					<i17>
						<name></name>
						<pos></pos>
						<size></size>
					</i17>
					<i18>
						<name></name>
						<pos></pos>
						<size></size>
					</i18>
					<i19>
						<name></name>
						<pos></pos>
						<size></size>
					</i19>
				</preset>
			</s0>
			<s1>
				<patrolseq></patrolseq>
				<patroldwelling></patroldwelling>
				<preset>
					<i0>
						<name></name>
						<pos></pos>
						<size></size>
					</i0>
					<i1>
						<name></name>
						<pos></pos>
						<size></size>
					</i1>
					<i2>
						<name></name>
						<pos></pos>
						<size></size>
					</i2>
					<i3>
						<name></name>
						<pos></pos>
						<size></size>
					</i3>
					<i4>
						<name></name>
						<pos></pos>
						<size></size>
					</i4>
					<i5>
						<name></name>
						<pos></pos>
						<size></size>
					</i5>
					<i6>
						<name></name>
						<pos></pos>
						<size></size>
					</i6>
					<i7>
						<name></name>
						<pos></pos>
						<size></size>
					</i7>
					<i8>
						<name></name>
						<pos></pos>
						<size></size>
					</i8>
					<i9>
						<name></name>
						<pos></pos>
						<size></size>
					</i9>
					<i10>
						<name></name>
						<pos></pos>
						<size></size>
					</i10>
					<i11>
						<name></name>
						<pos></pos>
						<size></size>
					</i11>
					<i12>
						<name></name>
						<pos></pos>
						<size></size>
					</i12>
					<i13>
						<name></name>
						<pos></pos>
						<size></size>
					</i13>
					<i14>
						<name></name>
						<pos></pos>
						<size></size>
					</i14>
					<i15>
						<name></name>
						<pos></pos>
						<size></size>
					</i15>
					<i16>
						<name></name>
						<pos></pos>
						<size></size>
					</i16>
					<i17>
						<name></name>
						<pos></pos>
						<size></size>
					</i17>
					<i18>
						<name></name>
						<pos></pos>
						<size></size>
					</i18>
					<i19>
						<name></name>
						<pos></pos>
						<size></size>
					</i19>
				</preset>
			</s1>
			<s2>
				<patrolseq></patrolseq>
				<patroldwelling></patroldwelling>
				<preset>
					<i0>
						<name></name>
						<pos></pos>
						<size></size>
					</i0>
					<i1>
						<name></name>
						<pos></pos>
						<size></size>
					</i1>
					<i2>
						<name></name>
						<pos></pos>
						<size></size>
					</i2>
					<i3>
						<name></name>
						<pos></pos>
						<size></size>
					</i3>
					<i4>
						<name></name>
						<pos></pos>
						<size></size>
					</i4>
					<i5>
						<name></name>
						<pos></pos>
						<size></size>
					</i5>
					<i6>
						<name></name>
						<pos></pos>
						<size></size>
					</i6>
					<i7>
						<name></name>
						<pos></pos>
						<size></size>
					</i7>
					<i8>
						<name></name>
						<pos></pos>
						<size></size>
					</i8>
					<i9>
						<name></name>
						<pos></pos>
						<size></size>
					</i9>
					<i10>
						<name></name>
						<pos></pos>
						<size></size>
					</i10>
					<i11>
						<name></name>
						<pos></pos>
						<size></size>
					</i11>
					<i12>
						<name></name>
						<pos></pos>
						<size></size>
					</i12>
					<i13>
						<name></name>
						<pos></pos>
						<size></size>
					</i13>
					<i14>
						<name></name>
						<pos></pos>
						<size></size>
					</i14>
					<i15>
						<name></name>
						<pos></pos>
						<size></size>
					</i15>
					<i16>
						<name></name>
						<pos></pos>
						<size></size>
					</i16>
					<i17>
						<name></name>
						<pos></pos>
						<size></size>
					</i17>
					<i18>
						<name></name>
						<pos></pos>
						<size></size>
					</i18>
					<i19>
						<name></name>
						<pos></pos>
						<size></size>
					</i19>
				</preset>
			</s2>
		</c0>
	</eptz>	
</root>
