<?xml version="1.0" standalone="yes"?>
<root>
	<devinit>
		<devtype>gpio</devtype>
	</devinit>
	<infoapp>
		<app1>
			<enableinfo>1</enableinfo> 
			<ipctype>socket</ipctype>
			<path>/var/run/eventmgr/emsocket</path>
		</app1>
		<app2>
			<enableinfo>1</enableinfo> 
			<ipctype>fifo</ipctype>
			<path>/var/run/aenc/s0/controlfifo</path>
		</app2>
		<app3>
			<enableinfo>1</enableinfo> 
			<ipctype>fifo</ipctype>
			<path>/var/run/venc/s0/controlfifo</path>
		</app3>
		<app4>
			<enableinfo>1</enableinfo>
			<ipctype>fifo</ipctype>
			<path>/tmp/RemoteFocusFIFO</path>
		</app4>
	</infoapp>
</root>
