<?xml version="1.0" standalone="yes"?>
<root>
	<capability>
		<image>
			<c0>
				<basicsetting>15</basicsetting>
				<wdrpro>
					<mode>0</mode>
					<strength>0</strength>
					<supportlevel>0</supportlevel>
					<affect>-</affect>
				</wdrpro>
				<wdrc>
					<mode>1</mode>
					<supportlevel>3</supportlevel>
					<affect>gammacurve:disabled:</affect>
				</wdrc>
				<dnr>1</dnr>
				<eis>0</eis>
				<scenemode>
					<support>0</support>
				</scenemode>
				<wbmode>auto,manual,rbgain</wbmode>
				<iristype>-</iristype>
				<exposure>
					<mode>1</mode>
					<levelrange>0,12</levelrange>
					<winmode>auto,custom,blc</winmode>
					<windomain>qvga</windomain>
					<wintype>inclusive,exclusive</wintype>
					<winnum>10</winnum>
					<ntsc>
						<totalrange>32000,16000,10000,8000,4000,2000,1000,480,240,120,60,30,15,5</totalrange>
					</ntsc>
					<pal>
						<totalrange>32000,16000,10000,8000,4000,2000,1000,500,250,100,50,25,15,5</totalrange>
					</pal>
					<maxrange>5,32000</maxrange>
					<minrange>5,32000</minrange>
					<modetype>auto,manual</modetype>
					<rangetype>twovalues</rangetype>
					<automode>
						<affect>-</affect>
					</automode>
					<manualmode>
						<affect>-</affect>
					</manualmode>
				</exposure>
				<privacymask>
					<wintype>polygon</wintype>
					<windomain>qvga</windomain>
					<ncolor>1</ncolor>
				</privacymask>
				<focuswindomain>-</focuswindomain>
				<agc>
					<maxgain>0,100</maxgain>
					<mingain>0,100</mingain>
				</agc>
				<flickerless>1</flickerless>
				<flickerlessaffect>minexposure.lowerbound:fixed:120</flickerlessaffect>
				<defog>
					<mode>1</mode>
					<strength>0</strength>
					<supportlevel>0</supportlevel>
					<affect>-</affect>
				</defog>
				<aespeed>1</aespeed>
				<aespeedsupportlevel>5</aespeedsupportlevel>
				<aespeedsupportsensitivity>1</aespeedsupportsensitivity>
				<gammacurve>1</gammacurve>
				<lowlightmode>-</lowlightmode>
				<focusassist>0</focusassist>
				<remotefocus>0</remotefocus>
				<lensconfiguration>
					<support>0</support>
				</lensconfiguration>
				<is>
					<mode>-</mode>
				</is>
				<freeze>0</freeze>
				<sensortype>rawsensor</sensortype>
				<autotrack>
					<support>0</support>
				</autotrack>
				<focuswindow>
					<nwindow>0</nwindow>
					<range>-</range>
				</focuswindow>
			</c0>
		</image>
	</capability>
</root>
