<?xml version="1.0" standalone="yes"?>
<root>
	<image>
		<c0>
			<brightness>0</brightness>
			<brightnesspercent>50</brightnesspercent>
			<contrast>0</contrast>
			<contrastpercent>50</contrastpercent>
			<hue>0</hue>
			<saturation>100</saturation>
			<saturationpercent>50</saturationpercent>
			<sharpness>100</sharpness>
			<sharpnesspercent>50</sharpnesspercent>
			<gammacurve>0</gammacurve>
			<defog>
				<mode>0</mode>
				<strength>1</strength>
			</defog>
			<dnr>
				<mode>1</mode>
				<strength>50</strength>
			</dnr>
			<scene>
				<enable>0</enable>
				<mode>visibility</mode>
			</scene>
			<profile>
				<name>image</name>
				<i0>
					<enable>0</enable>
					<policy>night</policy>
					<begintime>18:00</begintime>
					<endtime>06:00</endtime>
					<brightness>0</brightness>
					<brightnesspercent>50</brightnesspercent>
					<contrast>0</contrast>
					<contrastpercent>50</contrastpercent>
					<hue>0</hue>
					<saturation>100</saturation>
					<saturationpercent>50</saturationpercent>
					<sharpness>100</sharpness>
					<sharpnesspercent>50</sharpnesspercent>
					<gammacurve>0</gammacurve>
					<defog>
						<mode>0</mode>
						<strength>1</strength>
					</defog>
					<dnr>
						<mode>1</mode>
						<strength>50</strength>
					</dnr>
					<scene>
						<enable>0</enable>
						<mode>visibility</mode>
					</scene>
				</i0>
			</profile>
			<IBPE>
				<edgeenable>1</edgeenable>
				<edgestrength>2</edgestrength> <!-- 0~31 -->
				<edgeclip>2</edgeclip> <!-- 0~31 -->
				<edgeedgesensitivity>2</edgeedgesensitivity> <!-- 0~7 -->
				<edgenoisesensitivity>5</edgenoisesensitivity> <!-- 0~63 -->
				<nrenable>1</nrenable>
				<nrmode>0</nrmode> <!-- 0~4 -->
				<nrnormalstrength>90</nrnormalstrength> <!-- 0~168 -->
				<nrstrongrefstrength>0</nrstrongrefstrength> <!-- 0~9 -->
				<nrstrongcurrweight>0</nrstrongcurrweight> <!-- 0~9 -->
				<nrstrongmotionadaptiveenable>0</nrstrongmotionadaptiveenable>
			</IBPE>
			<ColorCorrection>
				<coeffRR>1.3547</coeffRR> <!-- -4.000 ~ 4.000 -->
				<coeffGR>-0.3547</coeffGR> <!-- -2.000 ~ 2.000 -->
				<coeffBR>0</coeffBR> <!-- -2.000 ~ 2.000 -->
				<coeffRG>-0.2514</coeffRG> <!-- -2.000 ~ 2.000 -->
				<coeffGG>1.2546</coeffGG> <!-- -4.000 ~ 4.000 -->
				<coeffBG>-0.0032</coeffBG> <!-- -2.000 ~ 2.000 -->
				<coeffRB>0</coeffRB> <!-- -2.000 ~ 2.000 -->
				<coeffGB>-0.4007</coeffGB> <!-- -2.000 ~ 2.000 -->
				<coeffBB>1.4007</coeffBB> <!-- -4.000 ~ 4.000 -->
				<offsetR>0</offsetR> <!-- 0 ~ 15 -->
				<offsetG>0</offsetG> <!-- 0 ~ 15 -->
				<offsetB>0</offsetB> <!-- 0 ~ 15 -->
			</ColorCorrection>
			<ContrastEnhancement>
				<enable>0</enable>
				<mode>auto</mode>
				<brightness>3</brightness>
				<defaultmethod>2</defaultmethod>
				<tablepath>/etc/conf.d/ce_table.cfg</tablepath>
			</ContrastEnhancement>
			<ToneMapping>
				<enable>0</enable>
				<level>0</level> <!-- 0~4 -->
			</ToneMapping>
		</c0>
	</image>
</root>

