<root>
	<exposurewin>
		<c0>
			<mode>auto</mode>
			<translate>320x240</translate>
			<win>
				<i0>
					<enable>0</enable>
					<policy>0</policy>
					<home>110,90</home>
					<size>100x75</size>
				</i0>
				<i1>
					<enable>0</enable>
					<policy>0</policy>
					<home>110,90</home>
					<size>100x75</size>
				</i1>
				<i2>
					<enable>0</enable>
					<policy>0</policy>
					<home>110,90</home>
					<size>100x75</size>
				</i2>
				<i3>
					<enable>0</enable>
					<policy>0</policy>
					<home>110,90</home>
					<size>100x75</size>
				</i3>
				<i4>
					<enable>0</enable>
					<policy>0</policy>
					<home>110,90</home>
					<size>100x75</size>
				</i4>
				<i5>
					<enable>0</enable>
					<policy>0</policy>
					<home>110,90</home>
					<size>100x75</size>
				</i5>
				<i6>
					<enable>0</enable>
					<policy>0</policy>
					<home>110,90</home>
					<size>100x75</size>
				</i6>
				<i7>
					<enable>0</enable>
					<policy>0</policy>
					<home>110,90</home>
					<size>100x75</size>
				</i7>
				<i8>
					<enable>0</enable>
					<policy>0</policy>
					<home>110,90</home>
					<size>100x75</size>
				</i8>
				<i9>
					<enable>0</enable>
					<policy>0</policy>
					<home>110,90</home>
					<size>100x75</size>
				</i9>
			</win>
			<profile>
				<i0>
					<mode>auto</mode>
					<win>
						<i0>
							<enable>0</enable>
							<policy>0</policy>
							<home>110,90</home>
							<size>100x75</size>
						</i0>
						<i1>
							<enable>0</enable>
							<policy>0</policy>
							<home>110,90</home>
							<size>100x75</size>
						</i1>
						<i2>
							<enable>0</enable>
							<policy>0</policy>
							<home>110,90</home>
							<size>100x75</size>
						</i2>
						<i3>
							<enable>0</enable>
							<policy>0</policy>
							<home>110,90</home>
							<size>100x75</size>
						</i3>
						<i4>
							<enable>0</enable>
							<policy>0</policy>
							<home>110,90</home>
							<size>100x75</size>
						</i4>
						<i5>
							<enable>0</enable>
							<policy>0</policy>
							<home>110,90</home>
							<size>100x75</size>
						</i5>
						<i6>
							<enable>0</enable>
							<policy>0</policy>
							<home>110,90</home>
							<size>100x75</size>
						</i6>
						<i7>
							<enable>0</enable>
							<policy>0</policy>
							<home>110,90</home>
							<size>100x75</size>
						</i7>
						<i8>
							<enable>0</enable>
							<policy>0</policy>
							<home>110,90</home>
							<size>100x75</size>
						</i8>
						<i9>
							<enable>0</enable>
							<policy>0</policy>
							<home>110,90</home>
							<size>100x75</size>
						</i9>
					</win>
				</i0>
			</profile>
		</c0>
	</exposurewin>
</root>
