<?xml version="1.0" standalone="yes"?>
<root>
	<tampering>
		<c0>
			<enable>0</enable>
			<interval>1</interval>
			<threshold>12</threshold>
			<duration>10</duration>
			<ignorewidth>0</ignorewidth>
            <dark>
                <enable>0</enable>
                <threshold>15</threshold>
                <duration>2</duration>
            </dark>
            <bright>
                <enable>0</enable>
                <threshold>15</threshold>
                <duration>2</duration>
            </bright>
            <blurry>
                <enable>0</enable>
                <threshold>12</threshold>
                <duration>7</duration>
            </blurry>
		</c0>
	</tampering>
</root>
