<?xml version="1.0" standalone="yes"?>
<root>
	<capability>
		<api>
			<httpversion>0306a_1</httpversion>
		</api>
		<bootuptime>60</bootuptime>
		<npir>0</npir>
		<ndi>0</ndi>
		<nvi>3</nvi>
		<ndo>0</ndo>
		<naudioin>1</naudioin>
		<naudioout>0</naudioout>
		<nvideoin>1</nvideoin>
		<nvideoout>0</nvideoout>
		<nmediastream>4</nmediastream>
		<nuart>0</nuart>
		<nvideoinprofile>1</nvideoinprofile>
		<nmotion>5</nmotion>
		<nmotionprofile>1</nmotionprofile>
		<ptzenabled>0</ptzenabled>
		<windowless>1</windowless>
		<remotefocus>0</remotefocus>
		<lens>
			<pan>0</pan>
			<tilt>0</tilt>
			<zoom>0</zoom>
			<focus>0</focus>
			<iris>0</iris>
		</lens>
		<evctrlchannel>1</evctrlchannel>
		<joystick>1</joystick>
		<storage>
			<dbenabled>1</dbenabled>
		</storage>
		<protocol>
			<https>1</https>
			<rtsp>1</rtsp>
			<sip>0</sip>
			<maxconnection>10</maxconnection>
			<maxgenconnection>10</maxgenconnection>
			<rtp>
				<multicast>
					<scalable>1</scalable>
					<backchannel>1</backchannel>
				</multicast>
				<tcp>1</tcp>
				<http>1</http>
			</rtp>
			<spush>
				<mjpeg>1</mjpeg>
			</spush>
			<snmp>1</snmp>
			<ipv6>1</ipv6>
			<pppoe>1</pppoe>
			<ieee8021x>1</ieee8021x>
			<qos>
				<cos>1</cos>
				<dscp>1</dscp>
			</qos>
			<ddns>1</ddns>
		</protocol>
		<timeshift>1</timeshift>
		<videoin>
			<type>2</type>
			<codec>mjpeg,h264</codec>
			<flexiblebitrate>1</flexiblebitrate>
		</videoin>
		<!--
		<videoout>
			<type>3</type>
		</videoout>
		-->
		<audio>
			<aec>0</aec>
			<intmic>1</intmic>
			<extmic>0</extmic>
			<lineout>0</lineout>
			<michardwareswitch>0</michardwareswitch>
			<alarm>1</alarm>
		</audio>
		<audioin>
			<codec>g711,g726</codec>
		</audioin>
		<camctrl>
			<c0>
				<rs485>0</rs485>
				<buildinpt>0</buildinpt>
				<zoommodule>0</zoommodule>
			</c0>
			<privilege>1</privilege>
			<ptztunnel>0</ptztunnel>
		</camctrl>
		<uart>
			<httptunnel>0</httptunnel>
			<httptunnelclient>0</httptunnelclient>
		</uart>
		<transmission>
			<mode>Tx</mode>
		</transmission>
		<network>
			<wire>1</wire>
			<wireless>0</wireless>
		</network>
		<wireless>
			<s802dot11b>0</s802dot11b>
			<s802dot11g>0</s802dot11g>
			<s802dot11n>0</s802dot11n>
			<encrypt>
				<wep>0</wep>
				<wpa>0</wpa>
				<wpa2>0</wpa2>
			</encrypt>
		</wireless>
		<derivative>
			<brand>1</brand>
		</derivative>
		<npreset>20</npreset>
		<eptz>7</eptz>
		<nanystream>0</nanystream>
		<iva>0</iva>
		<whitelight>0</whitelight>
		<iris>0</iris>
		<tampering>1</tampering>
		<test>
			<ac>0</ac>
		</test>
		<image>
			<wdrc>1</wdrc>
			<iristype>-</iristype>
			<c0>
				<basicsetting>15</basicsetting>
			</c0>
		</image>
		<media>
			<totalspace>20000</totalspace>
			<snapshot>
				<maxpreevent>7</maxpreevent>
				<maxpostevent>7</maxpostevent>
				<maxsize>800</maxsize>
			</snapshot>
			<videoclip>
				<maxsize>4096</maxsize>
				<maxlength>20</maxlength>
				<maxpreevent>9</maxpreevent>
			</videoclip>
		</media>
		<localstorage>
			<manageable>1</manageable>
			<seamless>1</seamless>
			<modnum>3</modnum>
			<slconnum>1</slconnum>
			<smartsd>0</smartsd>
		</localstorage>
		<adaptiverecording>1</adaptiverecording>
		<adaptivestreaming>1</adaptivestreaming>
		<vadp>
			<supportfeature>511</supportfeature>
			<npackage>10</npackage>
		</vadp>
		<remotecamctrl>
			<slave>0</slave>
			<master>0</master>
		</remotecamctrl>
		<supportsd>0</supportsd>
		<fisheye>0</fisheye>
		<smartstream>
			<version>2.0</version>
			<support>1</support>
			<nstream>4</nstream>
			<mode>
				<autotracking>1</autotracking>
				<manual>1</manual>
				<hybrid>1</hybrid>
			</mode>
			<nwindow>
				<autotracking>8</autotracking>
				<manual>3</manual>
				<hybrid>
					<autotracking>5</autotracking>
					<manual>3</manual>
				</hybrid>
			</nwindow>
			<windomain>qvga</windomain>
		</smartstream>
		<supporttriggertypes>seq,boot,motion,networkfail,recnotify,tampering,vi,vadp,volalarm</supporttriggertypes>
		<temperature>0</temperature>
		<motion>
			<wintype>polygon</wintype>
			<windomain>std</windomain>
		</motion>
		<tamperingmode>tamper,toodark,toobright,tooblurry</tamperingmode>
		<videoout>
			<codec>-</codec>
		</videoout>
		<audioout>
			<codec>-</codec>
		</audioout>
		<peripheral>
			<c0>
				<devicecontrol>0</devicecontrol>
			</c0>
		</peripheral>
	</capability>
</root>
