<root>
	<vadp>
		<module>
			<number>0</number>
			<order></order>
			<save2sd>0</save2sd>
			<i0>
				<enable>0</enable>
				<name></name>
				<extendedname></extendedname>
				<url></url>
				<vendor></vendor>
				<vendorurl></vendorurl>
				<version></version>
				<license></license>
				<licmsg></licmsg>
				<path></path>
				<initscr></initscr>
				<status></status>
				<statmsg></statmsg>
				<pidfile></pidfile>
				<vvtklicensemec></vvtklicensemec>
				<homepagelink></homepagelink>
			</i0>
			<i1>
				<enable>0</enable>
				<name></name>
				<extendedname></extendedname>
				<url></url>
				<vendor></vendor>
				<vendorurl></vendorurl>
				<version></version>
				<license></license>
				<licmsg></licmsg>
				<path></path>
				<initscr></initscr>
				<status></status>
				<statmsg></statmsg>
				<pidfile></pidfile>
				<vvtklicensemec></vvtklicensemec>
				<homepagelink></homepagelink>
			</i1>
			<i2>
				<enable>0</enable>
				<name></name>
				<extendedname></extendedname>
				<url></url>
				<vendor></vendor>
				<vendorurl></vendorurl>
				<version></version>
				<license></license>
				<licmsg></licmsg>
				<path></path>
				<initscr></initscr>
				<status></status>
				<statmsg></statmsg>
				<pidfile></pidfile>
				<vvtklicensemec></vvtklicensemec>
				<homepagelink></homepagelink>
			</i2>
			<i3>
				<enable>0</enable>
				<name></name>
				<extendedname></extendedname>
				<url></url>
				<vendor></vendor>
				<vendorurl></vendorurl>
				<version></version>
				<license></license>
				<licmsg></licmsg>
				<path></path>
				<initscr></initscr>
				<status></status>
				<statmsg></statmsg>
				<pidfile></pidfile>
				<vvtklicensemec></vvtklicensemec>
				<homepagelink></homepagelink>
			</i3>
			<i4>
				<enable>0</enable>
				<name></name>
				<extendedname></extendedname>
				<url></url>
				<vendor></vendor>
				<vendorurl></vendorurl>
				<version></version>
				<license></license>
				<licmsg></licmsg>
				<path></path>
				<initscr></initscr>
				<status></status>
				<statmsg></statmsg>
				<pidfile></pidfile>
				<vvtklicensemec></vvtklicensemec>
				<homepagelink></homepagelink>
			</i4>
			<i5>
				<enable>0</enable>
				<name></name>
				<extendedname></extendedname>
				<url></url>
				<vendor></vendor>
				<vendorurl></vendorurl>
				<version></version>
				<license></license>
				<licmsg></licmsg>
				<path></path>
				<initscr></initscr>
				<status></status>
				<statmsg></statmsg>
				<pidfile></pidfile>
				<vvtklicensemec></vvtklicensemec>
				<homepagelink></homepagelink>
			</i5>
			<i6>
				<enable>0</enable>
				<name></name>
				<extendedname></extendedname>
				<url></url>
				<vendor></vendor>
				<vendorurl></vendorurl>
				<version></version>
				<license></license>
				<licmsg></licmsg>
				<path></path>
				<initscr></initscr>
				<status></status>
				<statmsg></statmsg>
				<pidfile></pidfile>
				<vvtklicensemec></vvtklicensemec>
				<homepagelink></homepagelink>
			</i6>
			<i7>
				<enable>0</enable>
				<name></name>
				<extendedname></extendedname>
				<url></url>
				<vendor></vendor>
				<vendorurl></vendorurl>
				<version></version>
				<license></license>
				<licmsg></licmsg>
				<path></path>
				<initscr></initscr>
				<status></status>
				<statmsg></statmsg>
				<pidfile></pidfile>
				<vvtklicensemec></vvtklicensemec>
				<homepagelink></homepagelink>
			</i7>
			<i8>
				<enable>0</enable>
				<name></name>
				<extendedname></extendedname>
				<url></url>
				<vendor></vendor>
				<vendorurl></vendorurl>
				<version></version>
				<license></license>
				<licmsg></licmsg>
				<path></path>
				<initscr></initscr>
				<status></status>
				<statmsg></statmsg>
				<pidfile></pidfile>
				<vvtklicensemec></vvtklicensemec>
				<homepagelink></homepagelink>
			</i8>
			<i9>
				<enable>0</enable>
				<name></name>
				<extendedname></extendedname>
				<url></url>
				<vendor></vendor>
				<vendorurl></vendorurl>
				<version></version>
				<license></license>
				<licmsg></licmsg>
				<path></path>
				<initscr></initscr>
				<status></status>
				<statmsg></statmsg>
				<pidfile></pidfile>
				<vvtklicensemec></vvtklicensemec>
				<homepagelink></homepagelink>
			</i9>
		</module>
	</vadp>
</root>
