<root>
	<network>
		<ipv6>
			<enable>0</enable>
			<addonipaddress></addonipaddress>
			<addonprefixlen>64</addonprefixlen>
			<addonrouter></addonrouter>
			<addondns></addondns>
			<allowoptional>0</allowoptional>
		</ipv6>
		<type>lan</type>
		<resetip>1</resetip>
		<ipaddress>192.168.0.99</ipaddress>
		<subnet></subnet>
		<router></router>
		<dns1></dns1>
		<dns2></dns2>
		<wins1></wins1>
		<wins2></wins2>
		<http>
			<anonymousviewing>0</anonymousviewing>
		</http>
	</network>        
</root>