<?xml version="1.0" standalone="yes"?>
<root>
	<audioin>
		<fifo>/var/run/aenc/s0/controlfifo</fifo>
		<!-- channel -->
		<c0>
			<device id="d0">
				<node>hw:0,0</node>
				<chipname>Rossini</chipname>
			</device>
			<input>intmic</input>
			<mute>0</mute>
			<volume>
				<internal>70</internal>
				<external>70</external>
			</volume>
			<alarm>
				<enable>0</enable>
				<level>50</level>
			</alarm>
			<profile>
				<name>audiodetect</name>
				<i0>
					<enable>0</enable>
					<policy>night</policy>
					<begintime>18:00</begintime>
					<endtime>06:00</endtime>
					<alarm>
						<level>50</level>
					</alarm>
				</i0>
			</profile>
			<!-- stream -->
			<s0>
				<codectype>g711</codectype>
				<gamr>
					<bitrate>12200</bitrate>
					<frameperbuffer>4</frameperbuffer>
				</gamr>
				<aac4>
					<bitrate>128000</bitrate>
					<channelnum>2</channelnum>
				</aac4>
				<g711>
					<mode>pcmu</mode>
				</g711>
				<g726>
					<bitstreampackingmode>little</bitstreampackingmode>
					<vlcmode>0</vlcmode>
					<bitrate>32000</bitrate>
				</g726>
			</s0>
			<ios>
				<input> 0 </input>
				<output id="0">/var/run/aenc/s0/mediasck_0</output>
				<output id="2">/var/run/aenc/s0/mediasck_1</output>
				<output id="3">/var/run/aenc/s0/decodesck_0</output>
				<output id="8">/dev/null</output>
			</ios>
			<chipsetting>
				<Rossini>
					<intmic>
						<maxgain>52</maxgain>
						<mingain>0</mingain>
					</intmic>
					<extmic>
						<maxgain>52</maxgain>
						<mingain>0</mingain>
					</extmic>
				</Rossini>
				<WM8974>
					<intmic>
						<maxgain>58</maxgain>
						<mingain>16</mingain>
					</intmic>
					<extmic>
						<maxgain>58</maxgain>
						<mingain>16</mingain>
					</extmic>
				</WM8974>
			</chipsetting>
		</c0>
	</audioin>
</root>

