<?xml version="1.0" encoding="ISO-8859-1"?>
<swatchdog version="0001">
	<httpd>
		<id>1</id>
		<pidfile>/var/run/boa.pid</pidfile>
		<seconds>180</seconds>
		<process>/etc/init.d/httpd restart</process>
	</httpd>
	<https>
		<id>6</id>
		<pidfile>/var/run/stunnel.pid</pidfile>
		<seconds>180</seconds>
		<process>/etc/init.d/https restart</process>
	</https>
	<vencslave1>
		<id>4</id>
		<pidfile>/var/run/venc_encoder.c0.s0.pid</pidfile>
		<seconds>180</seconds>
		<process>/etc/init.d/httpd stop</process>
		<process>/usr/bin/reboot_delay</process>
		<process>/etc/init.d/configer stop</process>
	</vencslave1>
	<vencslave2>
		<id>5</id>
		<pidfile>/var/run/venc_encoder.c0.s1.pid</pidfile>
		<seconds>180</seconds>
		<process>/etc/init.d/httpd stop</process>
		<process>/usr/bin/reboot_delay</process>
		<process>/etc/init.d/configer stop</process>
	</vencslave2>
	<rtsps>
		<id>18</id>
		<pidfile>/var/run/rtsps.pid</pidfile>
		<seconds>60</seconds>
		<process>/etc/init.d/rtsps stop</process>
		<process>/usr/bin/update_timeshift workaround</process>
		<process>/etc/init.d/rtsps start</process>
	</rtsps>
	<configer>
		<id>14</id>
		<pidfile>/var/run/configer.pid</pidfile>
		<seconds>180</seconds>
		<process>/etc/init.d/configer restart</process>
	</configer>
	<recorder>
		<id>15</id>
		<pidfile>/var/run/recorder.pid</pidfile>
		<seconds>180</seconds>
		<process>/usr/bin/swatchdog_log recorder</process>
		<process>/usr/bin/update_timeshift</process>
		<process>/etc/init.d/recorder restart</process>
		<process>/usr/bin/gen_task -er</process>
		<!--<process>/etc/init.d/cleancaller restart</process>-->
	</recorder>
	<onvifd>
		<id>20</id>
		<pidfile>/var/run/onvifd.pid</pidfile>
		<seconds>30</seconds>
		<process>/etc/init.d/onvifd restart</process>
	</onvifd>
</swatchdog>
