<root>
	<font>/usr/share/font/VeraBd%s.fon</font>
	<videoin>
		<c0>
			<lens>
				<modelname></modelname>
			</lens>
			<fectable>/usr/share/video/cc8160_16x16_f2.maptbl</fectable>
			<frameformat>0</frameformat>
			<rotateframeformat>23</rotateframeformat>
			<lensmodel>6mm</lensmodel>
			<sensorupend>0</sensorupend>
			<color>1</color>
			<flip>0</flip>
			<mirror>0</mirror>
			<text></text>
			<imprinttimestamp>0</imprinttimestamp>
			<textonvideo>
				<position>top</position>
				<size>30</size>
				<fontpath>/usr/share/font/Default.ttf</fontpath>
				<uploadfilename></uploadfilename>
			</textonvideo>
			<ptzstatus>2</ptzstatus>
			<mode>0</mode>
			<cmosfreq>60</cmosfreq>
			<whitebalance>auto</whitebalance>
			<atwbvalue1>7434598</atwbvalue1>
			<atwbvalue2>7434598</atwbvalue2>
			<atwbvalue3>7434598</atwbvalue3>
			<rgain>16</rgain>
			<bgain>21</bgain>
			<rgainkeep>256</rgainkeep>
			<bgainkeep>256</bgainkeep>
			<ggainkeep>256</ggainkeep>
			<irismode>fixed</irismode>
			<aespeed>
				<mode>0</mode>
				<speedlevel>60</speedlevel>
				<sensitivity>100</sensitivity>
			</aespeed>
			<wdrc>
				<mode>0</mode>
				<strength>51</strength>
			</wdrc>
			<wdrpro>
				<mode>0</mode>
				<strength>1</strength>
			</wdrpro>
			<piris>
				<mode>manual</mode>
				<position>12</position>
			</piris>
			<exposurelevel>6</exposurelevel>
			<maxgain>100</maxgain>
			<mingain>0</mingain>
			<maxexposure>30</maxexposure>
			<flickerless>0</flickerless>
			<minexposure>32000</minexposure>
			<rotate>0</rotate>
			<options>crop</options>
			<privacystatus>0</privacystatus>
			<enablepreview>0</enablepreview>
			<crop>
				<position>0,0</position>
				<size>1920x1080</size>
			</crop>
			<exposuremode>auto</exposuremode>
			<zoomratiodisplay>1</zoomratiodisplay>
			<profile>
				<name>sensor</name>
				<i0>
					<enable>0</enable>
					<policy>night</policy>
					<begintime>18:00</begintime>
					<endtime>06:00</endtime>
					<irismode>fixed</irismode>
					<aespeed>
						<mode>0</mode>
						<speedlevel>60</speedlevel>
						<sensitivity>100</sensitivity>
					</aespeed>
					<piris>
						<mode>manual</mode>
						<position>12</position>
					</piris>
					<exposurelevel>6</exposurelevel>
					<maxgain>100</maxgain>
					<mingain>0</mingain>
					<maxexposure>30</maxexposure>
					<flickerless>0</flickerless>
					<minexposure>32000</minexposure>
					<whitebalance>auto</whitebalance>
					<rgain>16</rgain>
					<bgain>21</bgain>
					<rgainkeep>256</rgainkeep>
					<bgainkeep>256</bgainkeep>
					<ggainkeep>256</ggainkeep>
					<wdrc>
						<mode>0</mode>
						<strength>51</strength>
					</wdrc>
					<wdrpro>
						<mode>0</mode>
						<strength>1</strength>
					</wdrpro>
					<exposuremode>auto</exposuremode>
				</i0>
			</profile>
			<s0>
				<socket0>/var/run/venc/s0/mediasck_0</socket0>
				<socket1>/var/run/venc/s0/mediasck_1</socket1>
				<socket2>/var/run/venc/s0/mediasck_2</socket2>
				<fifo>/var/run/venc/s0/controlfifo</fifo>
				<codectype>h264</codectype>
				<resolution>1920x1080</resolution>
				<snapshot>0</snapshot>
				<snapshotrate>1000</snapshotrate>
				<enableeptz>1</enableeptz>
				<mjpeg>
					<quant>3</quant>
					<qvalue>49</qvalue>
					<qpercent>50</qpercent>
					<cbr>
						<quant>4</quant>
						<qpercent>50</qpercent>
					</cbr>
					<maxframe>10</maxframe>
					<ratecontrolmode>vbr</ratecontrolmode>
					<bitrate>14000000</bitrate>
					<prioritypolicy>framerate</prioritypolicy>
					<maxvbrbitrate>40000000</maxvbrbitrate>
					<bitraterestriction>upperbound</bitraterestriction>
				</mjpeg>
				<h264>
					<intraperiod>1000</intraperiod>
					<ratecontrolmode>cbr</ratecontrolmode>
					<quant>3</quant>
					<qvalue>29</qvalue>
					<qpercent>70</qpercent>
					<cbr>
						<quant>4</quant>
						<qpercent>70</qpercent>
					</cbr>
					<bitrate>2000000</bitrate>
					<maxframe>30</maxframe>
					<profile>1</profile>
					<prioritypolicy>framerate</prioritypolicy>
					<maxvbrbitrate>40000000</maxvbrbitrate>
					<bitraterestriction>upperbound</bitraterestriction>
					<dintraperiod>
						<enable>1</enable>
					</dintraperiod>
				</h264>
			</s0>
			<s1>
				<socket0>/var/run/venc/s1/mediasck_0</socket0>
				<socket1>/var/run/venc/s1/mediasck_1</socket1>
				<socket2>/var/run/venc/s1/mediasck_2</socket2>
				<fifo>/var/run/venc/s0/controlfifo</fifo>
				<codectype>h264</codectype>
				<resolution>1280x720</resolution>
				<snapshot>0</snapshot>
				<snapshotrate>1000</snapshotrate>
				<enableeptz>1</enableeptz>
				<mjpeg>
					<quant>3</quant>
					<qvalue>49</qvalue>
					<qpercent>50</qpercent>
					<cbr>
						<quant>4</quant>
						<qpercent>50</qpercent>
					</cbr>
					<maxframe>10</maxframe>
					<ratecontrolmode>vbr</ratecontrolmode>
					<bitrate>14000000</bitrate>
					<prioritypolicy>framerate</prioritypolicy>
					<maxvbrbitrate>40000000</maxvbrbitrate>
					<bitraterestriction>upperbound</bitraterestriction>
				</mjpeg>
				<h264>
					<intraperiod>1000</intraperiod>
					<ratecontrolmode>cbr</ratecontrolmode>
					<quant>3</quant>
					<qvalue>29</qvalue>
					<qpercent>70</qpercent>
					<cbr>
						<quant>4</quant>
						<qpercent>70</qpercent>
					</cbr>
					<bitrate>2000000</bitrate>
					<maxframe>30</maxframe>
					<profile>1</profile>
					<prioritypolicy>framerate</prioritypolicy>
					<maxvbrbitrate>40000000</maxvbrbitrate>
					<bitraterestriction>upperbound</bitraterestriction>
					<dintraperiod>
						<enable>1</enable>
					</dintraperiod>
				</h264>
			</s1>
			<s2>
				<socket0>/var/run/venc/s2/mediasck_0</socket0>
				<socket1>/var/run/venc/s2/mediasck_1</socket1>
				<socket2>/var/run/venc/s2/mediasck_2</socket2>
				<fifo>/var/run/venc/s0/controlfifo</fifo>
				<codectype>h264</codectype>
				<resolution>640x360</resolution>
				<snapshot>0</snapshot>
				<snapshotrate>1000</snapshotrate>
				<enableeptz>1</enableeptz>
				<mjpeg>
					<quant>3</quant>
					<qvalue>50</qvalue>
					<qpercent>50</qpercent>
					<cbr>
						<quant>4</quant>
						<qpercent>50</qpercent>
					</cbr>
					<maxframe>15</maxframe>
					<ratecontrolmode>vbr</ratecontrolmode>
					<bitrate>512000</bitrate>
					<prioritypolicy>imagequality</prioritypolicy>
					<maxvbrbitrate>40000000</maxvbrbitrate>
					<bitraterestriction>upperbound</bitraterestriction>
				</mjpeg>
				<h264>
					<intraperiod>1000</intraperiod>
					<ratecontrolmode>cbr</ratecontrolmode>
					<quant>3</quant>
					<qvalue>26</qvalue>
					<qpercent>70</qpercent>
					<cbr>
						<quant>4</quant>
						<qpercent>70</qpercent>
					</cbr>
					<bitrate>512000</bitrate>
					<maxframe>15</maxframe>
					<profile>1</profile>
					<prioritypolicy>imagequality</prioritypolicy>
					<maxvbrbitrate>40000000</maxvbrbitrate>
					<bitraterestriction>upperbound</bitraterestriction>
					<dintraperiod>
						<enable>1</enable>
					</dintraperiod>
				</h264>
			</s2>
			<s3>
				<socket0>/var/run/venc/s3/mediasck_0</socket0>
				<socket1>/var/run/venc/s3/mediasck_1</socket1>
				<socket2>/var/run/venc/s3/mediasck_2</socket2>
				<fifo>/var/run/venc/s0/controlfifo</fifo>
				<codectype>h264</codectype>
				<resolution>1920x1080</resolution>
				<snapshot>0</snapshot>
				<snapshotrate>1000</snapshotrate>
				<enableeptz>0</enableeptz>
				<mjpeg>
					<quant>3</quant>
					<qvalue>50</qvalue>
					<qpercent>50</qpercent>
					<cbr>
						<quant>4</quant>
						<qpercent>50</qpercent>
					</cbr>
					<maxframe>10</maxframe>
					<ratecontrolmode>vbr</ratecontrolmode>
					<bitrate>14000000</bitrate>
					<prioritypolicy>imagequality</prioritypolicy>
					<maxvbrbitrate>40000000</maxvbrbitrate>
					<bitraterestriction>upperbound</bitraterestriction>
				</mjpeg>
				<h264>
					<intraperiod>1000</intraperiod>
					<ratecontrolmode>cbr</ratecontrolmode>
					<quant>3</quant>
					<qvalue>26</qvalue>
					<qpercent>70</qpercent>
					<cbr>
						<quant>4</quant>
						<qpercent>70</qpercent>
					</cbr>
					<bitrate>2000000</bitrate>
					<maxframe>30</maxframe>
					<profile>1</profile>
					<prioritypolicy>imagequality</prioritypolicy>
					<maxvbrbitrate>40000000</maxvbrbitrate>
					<bitraterestriction>upperbound</bitraterestriction>
					<dintraperiod>
						<enable>1</enable>
					</dintraperiod>
				</h264>
			</s3>
		</c0>
	</videoin>
</root>
