<root>
	<shmem>
		<block0>
			<type>sysv</type>
			<totalsize>2560K</totalsize>
			<shmkey>6</shmkey>
			<sector0>
				<tag>vadp_shmem_sector_header</tag>
				<vadpidx>99</vadpidx>
				<datafmt>none</datafmt>
				<mode>ringbuf</mode>
				<size>378K</size>
			</sector0>
			<sector1>
				<tag>vadp_shmem_1</tag>
				<vadpidx>-1</vadpidx>
				<datafmt>none</datafmt>
				<mode>ringbuf</mode>
				<size>256K</size>
			</sector1>
			<sector2>
				<tag>vadp_shmem_2</tag>
				<vadpidx>-1</vadpidx>
				<datafmt>none</datafmt>
				<mode>ringbuf</mode>
				<size>256K</size>
			</sector2>
			<sector3>
				<tag>vadp_shmem_3</tag>
				<vadpidx>-1</vadpidx>
				<datafmt>none</datafmt>
				<mode>ringbuf</mode>
				<size>256K</size>
			</sector3>
			<sector4>
				<tag>vadp_shmem_4</tag>
				<vadpidx>-1</vadpidx>
				<datafmt>none</datafmt>
				<mode>ringbuf</mode>
				<size>256K</size>
			</sector4>
			<sector5>
				<tag>vadp_shmem_5</tag>
				<vadpidx>-1</vadpidx>
				<datafmt>none</datafmt>
				<mode>ringbuf</mode>
				<size>256K</size>
			</sector5>
			<sector6>
				<tag>vadp_shmem_6</tag>
				<vadpidx>-1</vadpidx>
				<datafmt>none</datafmt>
				<mode>ringbuf</mode>
				<size>256K</size>
			</sector6>
			<sector7>
				<tag>vadp_shmem_7</tag>
				<vadpidx>-1</vadpidx>
				<datafmt>none</datafmt>
				<mode>ringbuf</mode>
				<size>256K</size>
			</sector7>
			<sector8>
				<tag>vadp_shmem_8</tag>
				<vadpidx>-1</vadpidx>
				<datafmt>none</datafmt>
				<mode>ringbuf</mode>
				<size>256K</size>
			</sector8>
		</block0>
	</shmem>
</root>
