<?xml version="1.0" encoding="ISO-8859-1"?>
<parameter>
    <support>audioin_c0_mute</support>
    <support>timeshift_enable</support>
    <support>timeshift_c0_s0_allow</support>
    <support>timeshift_c0_s1_allow</support>
    <support>eptz_c0_s0_preset_i0_name</support>
    <support>eptz_c0_s0_preset_i1_name</support>
    <support>eptz_c0_s0_preset_i2_name</support>
    <support>eptz_c0_s0_preset_i3_name</support>
    <support>eptz_c0_s0_preset_i4_name</support>
    <support>eptz_c0_s0_preset_i5_name</support>
    <support>eptz_c0_s0_preset_i6_name</support>
    <support>eptz_c0_s0_preset_i7_name</support>
    <support>eptz_c0_s0_preset_i8_name</support>
    <support>eptz_c0_s0_preset_i9_name</support>
    <support>eptz_c0_s0_preset_i10_name</support>
    <support>eptz_c0_s0_preset_i11_name</support>
    <support>eptz_c0_s0_preset_i12_name</support>
    <support>eptz_c0_s0_preset_i13_name</support>
    <support>eptz_c0_s0_preset_i14_name</support>
    <support>eptz_c0_s0_preset_i15_name</support>
    <support>eptz_c0_s0_preset_i16_name</support>
    <support>eptz_c0_s0_preset_i17_name</support>
    <support>eptz_c0_s0_preset_i18_name</support>
    <support>eptz_c0_s0_preset_i19_name</support>
</parameter>
