<?xml version="1.0" standalone="yes"?>
<root>
	<event>
		<customtaskfile>
			<i0>
				<name></name>
				<date></date>
				<time></time>
			</i0>
			<i1>
				<name></name>
				<date></date>
				<time></time>
			</i1>
			<i2>
				<name></name>
				<date></date>
				<time></time>
			</i2>
		</customtaskfile>
		<i0>
			<name></name>
			<enable>0</enable>
			<priority>1</priority>
			<delay>10</delay>
			<trigger>boot</trigger>
			<triggerstatus>trigger</triggerstatus>
			<exttriggerstatus></exttriggerstatus>
			<exttriggerstatus1></exttriggerstatus1>
			<exttriggerstatus2></exttriggerstatus2>
			<exttriggerstatus3></exttriggerstatus3>
			<di>0</di>
			<vi>0</vi>
			<mdwin>0</mdwin>
			<mdwin0>0</mdwin0>
			<vadp>0</vadp>
			<valevel>0</valevel>
			<valevel0>0</valevel0>
			<inter>1</inter>
			<weekday>127</weekday>
			<begintime>00:00</begintime>
			<endtime>24:00</endtime>
			<lowlightcondition>1</lowlightcondition>
			<action>
				<do>
					<i0>
						<enable>0</enable>
						<duration>1</duration>
					</i0>
					<!--
				<i1>
					<enable>0</enable>
					<duration>1</duration>
				</i1>
				-->
				</do>
				<goto>
					<enable>0</enable>
					<name></name>
				</goto>
				<cf>
					<enable>0</enable>
					<folder></folder>
					<media></media>
					<videocliptoken></videocliptoken>
					<datefolder>1</datefolder>
					<backup>0</backup>
				</cf>
				<server>
					<i0>
						<enable>0</enable>
						<!-- the index of media, from 0 to 4 in the present spec, empty means no media would be sent -->
						<media></media>
						<datefolder>0</datefolder>
					</i0>
					<i1>
						<enable>0</enable>
						<media></media>
						<datefolder>0</datefolder>
					</i1>
					<i2>
						<enable>0</enable>
						<media></media>
						<datefolder>0</datefolder>
					</i2>
					<i3>
						<enable>0</enable>
						<media></media>
						<datefolder>0</datefolder>
					</i3>
					<i4>
						<enable>0</enable>
						<media></media>
						<datefolder>0</datefolder>
					</i4>
				</server>
				<patrol>
					<enable>0</enable>
					<server>0</server>
				</patrol>
				<custom0>
					<!--Modify it-->
					<enable>0</enable>
					<!--Modify it-->
					<name></name>
				</custom0>
				<custom1>
					<!--Modify it-->
					<enable>0</enable>
					<!--Modify it-->
					<name></name>
				</custom1>
				<custom2>
					<!--Modify it-->
					<enable>0</enable>
					<!--Modify it-->
					<name></name>
				</custom2>
			</action>
		</i0>
		<i1>
			<name></name>
			<enable>0</enable>
			<priority>1</priority>
			<delay>10</delay>
			<trigger>boot</trigger>
			<triggerstatus>trigger</triggerstatus>
			<exttriggerstatus></exttriggerstatus>
			<exttriggerstatus1></exttriggerstatus1>
			<exttriggerstatus2></exttriggerstatus2>
			<exttriggerstatus3></exttriggerstatus3>
			<di>1</di>
			<vi>0</vi>
			<mdwin>0</mdwin>
			<mdwin0>0</mdwin0>
			<vadp>0</vadp>
			<valevel>0</valevel>
			<valevel0>0</valevel0>
			<inter>1</inter>
			<weekday>127</weekday>
			<begintime>00:00</begintime>
			<endtime>24:00</endtime>
			<lowlightcondition>1</lowlightcondition>
			<action>
				<do>
					<i0>
						<enable>0</enable>
						<duration>1</duration>
					</i0>
					<!--
				<i1>
					<enable>0</enable>
					<duration>1</duration>
				</i1>
				-->
				</do>
				<goto>
					<enable>0</enable>
					<name></name>
				</goto>
				<cf>
					<enable>0</enable>
					<folder></folder>
					<media></media>
					<videocliptoken></videocliptoken>
					<datefolder>1</datefolder>
					<backup>0</backup>
				</cf>
				<server>
					<i0>
						<enable>0</enable>
						<!-- the index of media, from 0 to 4 in the present spec, empty means no media would be sent -->
						<media></media>
						<datefolder>0</datefolder>
					</i0>
					<i1>
						<enable>0</enable>
						<media></media>
						<datefolder>0</datefolder>
					</i1>
					<i2>
						<enable>0</enable>
						<media></media>
						<datefolder>0</datefolder>
					</i2>
					<i3>
						<enable>0</enable>
						<media></media>
						<datefolder>0</datefolder>
					</i3>
					<i4>
						<enable>0</enable>
						<media></media>
						<datefolder>0</datefolder>
					</i4>
				</server>
				<patrol>
					<enable>0</enable>
					<server>0</server>
				</patrol>
				<custom0>
					<!--Modify it-->
					<enable>0</enable>
				</custom0>
				<custom1>
					<!--Modify it-->
					<enable>0</enable>
				</custom1>
				<custom2>
					<!--Modify it-->
					<enable>0</enable>
				</custom2>
			</action>
		</i1>
		<i2>
			<name></name>
			<enable>0</enable>
			<priority>1</priority>
			<delay>10</delay>
			<trigger>boot</trigger>
			<triggerstatus>trigger</triggerstatus>
			<exttriggerstatus></exttriggerstatus>
			<exttriggerstatus1></exttriggerstatus1>
			<exttriggerstatus2></exttriggerstatus2>
			<exttriggerstatus3></exttriggerstatus3>
			<di>1</di>
			<vi>0</vi>
			<mdwin>0</mdwin>
			<mdwin0>0</mdwin0>
			<vadp>0</vadp>
			<valevel>0</valevel>
			<valevel0>0</valevel0>
			<inter>1</inter>
			<weekday>127</weekday>
			<begintime>00:00</begintime>
			<endtime>24:00</endtime>
			<lowlightcondition>1</lowlightcondition>
			<action>
				<do>
					<i0>
						<enable>0</enable>
						<duration>1</duration>
					</i0>
					<!--
				<i1>
					<enable>0</enable>
					<duration>1</duration>
				</i1>
				-->
				</do>
				<goto>
					<enable>0</enable>
					<name></name>
				</goto>
				<cf>
					<enable>0</enable>
					<folder></folder>
					<media></media>
					<videocliptoken></videocliptoken>
					<datefolder>1</datefolder>
					<backup>0</backup>
				</cf>
				<server>
					<i0>
						<enable>0</enable>
						<!-- the index of media, from 0 to 4 in the present spec, empty means no media would be sent -->
						<media></media>
						<datefolder>0</datefolder>
					</i0>
					<i1>
						<enable>0</enable>
						<media></media>
						<datefolder>0</datefolder>
					</i1>
					<i2>
						<enable>0</enable>
						<media></media>
						<datefolder>0</datefolder>
					</i2>
					<i3>
						<enable>0</enable>
						<media></media>
						<datefolder>0</datefolder>
					</i3>
					<i4>
						<enable>0</enable>
						<media></media>
						<datefolder>0</datefolder>
					</i4>
				</server>
				<patrol>
					<enable>0</enable>
					<server>0</server>
				</patrol>
				<custom0>
					<!--Modify it-->
					<enable>0</enable>
				</custom0>
				<custom1>
					<!--Modify it-->
					<enable>0</enable>
				</custom1>
				<custom2>
					<!--Modify it-->
					<enable>0</enable>
				</custom2>
			</action>
		</i2>
	</event>
</root>
