<?xml version="1.0" standalone="yes"?>
<root>
<media>
	<i0>
		<name></name>
		<!-- type can be snapshot, videoclip and systemlog -->
		<type>snapshot</type>
		<snapshot>
			<source>0</source>
			<prefix/>
			<datesuffix>0</datesuffix>
			<preevent>1</preevent>
			<postevent>1</postevent>
		</snapshot>
		<videoclip>
			<source>0</source>
			<prefix/>
			<preevent>0</preevent>
			<maxduration>5</maxduration>
			<maxsize>500</maxsize>
		</videoclip>
	</i0>
	<i1>
		<name></name>
		<type>snapshot</type>
		<snapshot>
			<source>0</source>
			<prefix/>
			<datesuffix>0</datesuffix>
			<preevent>1</preevent>
			<postevent>1</postevent>
		</snapshot>
		<videoclip>
			<source>0</source>
			<prefix/>
			<preevent>0</preevent>
			<maxduration>5</maxduration>
			<maxsize>500</maxsize>
		</videoclip>
	</i1>
	<i2>
		<name></name>
		<!-- type can be snapshot, videoclip and systemlog -->
		<type>snapshot</type>
		<snapshot>
			<source>0</source>
			<prefix/>
			<datesuffix>0</datesuffix>
			<preevent>1</preevent>
			<postevent>1</postevent>
		</snapshot>
		<videoclip>
			<source>0</source>
			<prefix/>
			<preevent>0</preevent>
			<maxduration>5</maxduration>
			<maxsize>500</maxsize>
		</videoclip>	
	</i2>
	<i3>
		<name></name>
		<type>snapshot</type>
		<snapshot>
			<source>0</source>
			<prefix/>
			<datesuffix>0</datesuffix>
			<preevent>1</preevent>
			<postevent>1</postevent>
		</snapshot>
		<videoclip>
			<source>0</source>
			<prefix/>
			<preevent>0</preevent>
			<maxduration>5</maxduration>
			<maxsize>500</maxsize>
		</videoclip>	
	</i3>
	<i4>
		<name></name>
		<type>snapshot</type>
		<snapshot>
			<source>0</source>
			<prefix/>
			<datesuffix>0</datesuffix>
			<preevent>1</preevent>
			<postevent>1</postevent>
		</snapshot>
		<videoclip>
			<source>0</source>
			<prefix/>
			<preevent>0</preevent>
			<maxduration>5</maxduration>
			<maxsize>500</maxsize>
		</videoclip>
	</i4>
	<i101>
		<name>Recording notify message</name>
		<type>recordmsg</type>
	</i101>
</media>
</root>
