<?xml version="1.0" standalone="yes"?>
<root>
<recording>
	<i0>
		<name></name>
		<enable>0</enable>
		<trigger>schedule</trigger>
		<priority>1</priority>
		<source>0</source>
		<token></token>
		<maxretentiontime>P7D</maxretentiontime>
		<recordingjob>
			<token></token>
			<Priority></Priority>
			<SourceToken>
				<Token></Token>
				<Type></Type>
			</SourceToken>
			<AutoCreateReceiver></AutoCreateReceiver>
			<Tracks>
				<SourceTag></SourceTag>
				<Destination></Destination>
			</Tracks>
		</recordingjob>
		<mediaoption>3</mediaoption>
		<limitsize>0</limitsize>
		<cyclic>0</cyclic>
		<notify>1</notify>
		<notifyserver>0</notifyserver>
		<weekday>127</weekday>
		<begintime>00:00</begintime>
		<endtime>24:00</endtime>
		<prefix/>
		<cyclesize>100</cyclesize>
		<reserveamount>100</reserveamount>
		<dest>cf</dest>
		<cffolder/>
		<adaptive> 
			<enable>0</enable>
			<preevent>5</preevent>
			<postevent>5</postevent>
		</adaptive>
		<maxduration>60</maxduration>
		<maxsize>100</maxsize>		
	</i0>
	<i1>
		<name></name>
		<enable>0</enable>
		<trigger>schedule</trigger>
		<priority>1</priority>
		<source>0</source>
		<token></token>
		<maxretentiontime>P7D</maxretentiontime>
		<recordingjob>
			<token></token>
			<Priority></Priority>
			<SourceToken>
				<Token></Token>
				<Type></Type>
			</SourceToken>
			<AutoCreateReceiver></AutoCreateReceiver>
			<Tracks>
				<SourceTag></SourceTag>
				<Destination></Destination>
			</Tracks>
		</recordingjob>
		<mediaoption>3</mediaoption>
		<limitsize>0</limitsize>
		<cyclic>0</cyclic>
		<notify>1</notify>
		<notifyserver>0</notifyserver>
		<weekday>127</weekday>
		<begintime>00:00</begintime>
		<endtime>24:00</endtime>
		<prefix/>
		<cyclesize>100</cyclesize>
		<reserveamount>100</reserveamount>
		<dest>cf</dest>
		<cffolder/>
		<adaptive> 
			<enable>0</enable>
			<preevent>5</preevent>
			<postevent>5</postevent>
		</adaptive>
		<maxduration>60</maxduration>
		<maxsize>100</maxsize>
	</i1>	
	<i2>
		<name>seamless recording</name>
		<enable>0</enable>
		<trigger>schedule</trigger>
		<priority>1</priority>
		<source>0</source>
		<token>99999999999999999999</token>
		<maxretentiontime>P7D</maxretentiontime>
		<recordingjob>
			<token>99999999999999999999</token>
			<Priority>1</Priority>
			<SourceToken>
				<Token>DefaultSourceToken</Token>
				<Type>DefaultSouceType</Type>
			</SourceToken>
			<AutoCreateReceiver>false</AutoCreateReceiver>
			<Tracks>
				<SourceTag>DefaultSourceTag</SourceTag>
				<Destination>DefaultDestination</Destination>
			</Tracks>
		</recordingjob>
		<mediaoption>3</mediaoption>
		<limitsize>0</limitsize>
		<cyclic>0</cyclic>
		<notify>1</notify>
		<notifyserver>0</notifyserver>
		<weekday>127</weekday>
		<begintime>00:00</begintime>
		<endtime>24:00</endtime>
		<prefix/>
		<cyclesize>100</cyclesize>
		<reserveamount>100</reserveamount>
		<dest>cf</dest>
		<cffolder/>
		<maxduration>1800</maxduration>
		<maxsize>1024</maxsize>
	</i2>	
</recording>
</root>
