<?xml version="1.0" standalone="yes"?>
<root>
<server>
	<i0>
		<name></name>
		<type>email</type>
		<http>
			<url>http://</url>
			<username/>
			<passwd/>
		</http>
		<ftp>
			<address/>
			<username/>
			<passwd/>
			<port>21</port>
			<location/>
			<passive>1</passive>
		</ftp>
		<email>
			<address/>
			<sslmode>0</sslmode>
			<port>25</port>
			<username/>
			<passwd/>
			<senderemail/>
			<recipientemail/>
		</email>
		<ns>
			<location/>
			<username/>
			<passwd/>
			<workgroup/>
		</ns>
	</i0>
	<i1>
		<name></name>
		<type>email</type>
		<http>
			<url>http://</url>
			<username/>
			<passwd/>
		</http>
		<ftp>
			<address/>
			<username/>
			<passwd/>
			<port>21</port>
			<location/>
			<passive>1</passive>
		</ftp>
		<email>
			<address/>
			<sslmode>0</sslmode>
			<port>25</port>
			<username/>
			<passwd/>
			<senderemail/>
			<recipientemail/>
		</email>
		<ns>
			<location/>
			<username/>
			<passwd/>
			<workgroup/>
		</ns>
	</i1>	
	<i2>
		<name></name>
		<type>email</type>
		<http>
			<url>http://</url>
			<username/>
			<passwd/>
		</http>
		<ftp>
			<address/>
			<username/>
			<passwd/>
			<port>21</port>
			<location/>
			<passive>1</passive>
		</ftp>
		<email>
			<address/>
			<sslmode>0</sslmode>
			<port>25</port>
			<username/>
			<passwd/>
			<senderemail/>
			<recipientemail/>
		</email>
		<ns>
			<location/>
			<username/>
			<passwd/>
			<workgroup/>
		</ns>
	</i2>	
	<i3>
		<name></name>
		<type>email</type>
		<http>
			<url>http://</url>
			<username/>
			<passwd/>
		</http>
		<ftp>
			<address/>
			<username/>
			<passwd/>
			<port>21</port>
			<location/>
			<passive>1</passive>
		</ftp>
		<email>
			<address/>
			<sslmode>0</sslmode>
			<port>25</port>
			<username/>
			<passwd/>
			<senderemail/>
			<recipientemail/>
		</email>
		<ns>
			<location/>
			<username/>
			<passwd/>
			<workgroup/>
		</ns>
	</i3>	
	<i4>
		<name></name>
		<type>email</type>
		<http>
			<url>http://</url>
			<username/>
			<passwd/>
		</http>
		<ftp>
			<address/>
			<username/>
			<passwd/>
			<port>21</port>
			<location/>
			<passive>1</passive>
		</ftp>
		<email>
			<address/>
			<sslmode>0</sslmode>
			<port>25</port>
			<username/>
			<passwd/>
			<senderemail/>
			<recipientemail/>
		</email>
		<ns>
			<location/>
			<username/>
			<passwd/>
			<workgroup/>
		</ns>
	</i4>	
</server>
</root>