<root>
	<ConfigDescription Name="TamperingTooBlurry">
		<Parameters/>
		<Messages IsProperty="true">
			<Source>
				<SimpleItemDescription Name="Source" Type="tt:ReferenceToken"/>
			</Source>
			<Data>
				<SimpleItemDescription Name="State" Type="xs:boolean"/>
			</Data>
			<ParentTopic>tns1:VideoSource/ImageTooBlurry/ImagingService</ParentTopic>
		</Messages>
	</ConfigDescription>
	<ConfigDescription Name="TamperingTooDark">
		<Parameters/>
		<Messages IsProperty="true">
			<Source>
				<SimpleItemDescription Name="Source" Type="tt:ReferenceToken"/>
			</Source>
			<Data>
				<SimpleItemDescription Name="State" Type="xs:boolean"/>
			</Data>
			<ParentTopic>tns1:VideoSource/ImageTooDark/ImagingService</ParentTopic>
		</Messages>
	</ConfigDescription>
	<ConfigDescription Name="TamperingTooBright">
		<Parameters/>
		<Messages IsProperty="true">
			<Source>
				<SimpleItemDescription Name="Source" Type="tt:ReferenceToken"/>
			</Source>
			<Data>
				<SimpleItemDescription Name="State" Type="xs:boolean"/>
			</Data>
			<ParentTopic>tns1:VideoSource/ImageTooBright/ImagingService</ParentTopic>
		</Messages>
	</ConfigDescription>
	<ConfigDescription Name="TamperingGlobalSceneChange">
		<Parameters/>
		<Messages IsProperty="true">
			<Source>
				<SimpleItemDescription Name="Source" Type="tt:ReferenceToken"/>
			</Source>
			<Data>
				<SimpleItemDescription Name="State" Type="xs:boolean"/>
			</Data>
			<ParentTopic>tns1:VideoSource/GlobalSceneChange/ImagingService</ParentTopic>
		</Messages>
	</ConfigDescription>
</root>
